original_url,redirect_url,qs_parameter,tender_details_url,tender_award_url
https://www.mercadopublico.cl/Procurement/Modules/RFB/DetailsAcquisition.aspx?idlicitacion=4596-23-LE25,https://www.mercadopublico.cl/Procurement/Modules/RFB/DetailsAcquisition.aspx?qs=4X97hi66L2uV4cx5e5Gm1Q==,4X97hi66L2uV4cx5e5Gm1Q==,https://www.mercadopublico.cl/Procurement/Modules/RFB/DetailsAcquisition.aspx?qs=4X97hi66L2uV4cx5e5Gm1Q==,https://www.mercadopublico.cl/Procurement/Modules/RFB/StepsProcessAward/PreviewAwardAct.aspx?qs=4X97hi66L2uV4cx5e5Gm1Q==
https://www.mercadopublico.cl/Procurement/Modules/RFB/DetailsAcquisition.aspx?idlicitacion=564953-71-LE25,https://www.mercadopublico.cl/Procurement/Modules/RFB/DetailsAcquisition.aspx?qs=kYE7W6BBe+gkMaXHD6QV2w==,kYE7W6BBe+gkMaXHD6QV2w==,https://www.mercadopublico.cl/Procurement/Modules/RFB/DetailsAcquisition.aspx?qs=kYE7W6BBe+gkMaXHD6QV2w==,https://www.mercadopublico.cl/Procurement/Modules/RFB/StepsProcessAward/PreviewAwardAct.aspx?qs=kYE7W6BBe+gkMaXHD6QV2w==
https://www.mercadopublico.cl/Procurement/Modules/RFB/DetailsAcquisition.aspx?idlicitacion=1411-5-LE25,https://www.mercadopublico.cl/Procurement/Modules/RFB/DetailsAcquisition.aspx?qs=q5jzE8TJ1GZdvMMvNPdHrg==,q5jzE8TJ1GZdvMMvNPdHrg==,https://www.mercadopublico.cl/Procurement/Modules/RFB/DetailsAcquisition.aspx?qs=q5jzE8TJ1GZdvMMvNPdHrg==,https://www.mercadopublico.cl/Procurement/Modules/RFB/StepsProcessAward/PreviewAwardAct.aspx?qs=q5jzE8TJ1GZdvMMvNPdHrg==
https://www.mercadopublico.cl/Procurement/Modules/RFB/DetailsAcquisition.aspx?idlicitacion=4328-13-LP25,https://www.mercadopublico.cl/Procurement/Modules/RFB/DetailsAcquisition.aspx?qs=jueyu5PExU6hKKgBze6CSA==,jueyu5PExU6hKKgBze6CSA==,https://www.mercadopublico.cl/Procurement/Modules/RFB/DetailsAcquisition.aspx?qs=jueyu5PExU6hKKgBze6CSA==,https://www.mercadopublico.cl/Procurement/Modules/RFB/StepsProcessAward/PreviewAwardAct.aspx?qs=jueyu5PExU6hKKgBze6CSA==
https://www.mercadopublico.cl/Procurement/Modules/RFB/DetailsAcquisition.aspx?idlicitacion=3508-26-LE25,https://www.mercadopublico.cl/Procurement/Modules/RFB/DetailsAcquisition.aspx?qs=JTqyr9QnYMcTk4loYVHAkg==,JTqyr9QnYMcTk4loYVHAkg==,https://www.mercadopublico.cl/Procurement/Modules/RFB/DetailsAcquisition.aspx?qs=JTqyr9QnYMcTk4loYVHAkg==,https://www.mercadopublico.cl/Procurement/Modules/RFB/StepsProcessAward/PreviewAwardAct.aspx?qs=JTqyr9QnYMcTk4loYVHAkg==
https://www.mercadopublico.cl/Procurement/Modules/RFB/DetailsAcquisition.aspx?idlicitacion=1075963-160-LE25,https://www.mercadopublico.cl/Procurement/Modules/RFB/DetailsAcquisition.aspx?qs=QV8dMIMARwqcNmJ+MJ4uSA==,QV8dMIMARwqcNmJ+MJ4uSA==,https://www.mercadopublico.cl/Procurement/Modules/RFB/DetailsAcquisition.aspx?qs=QV8dMIMARwqcNmJ+MJ4uSA==,https://www.mercadopublico.cl/Procurement/Modules/RFB/StepsProcessAward/PreviewAwardAct.aspx?qs=QV8dMIMARwqcNmJ+MJ4uSA==
https://www.mercadopublico.cl/Procurement/Modules/RFB/DetailsAcquisition.aspx?idlicitacion=621-234-LP25,https://www.mercadopublico.cl/Procurement/Modules/RFB/DetailsAcquisition.aspx?qs=L9p2FpJsKwkb7dsTg6NDUA==,L9p2FpJsKwkb7dsTg6NDUA==,https://www.mercadopublico.cl/Procurement/Modules/RFB/DetailsAcquisition.aspx?qs=L9p2FpJsKwkb7dsTg6NDUA==,https://www.mercadopublico.cl/Procurement/Modules/RFB/StepsProcessAward/PreviewAwardAct.aspx?qs=L9p2FpJsKwkb7dsTg6NDUA==
https://www.mercadopublico.cl/Procurement/Modules/RFB/DetailsAcquisition.aspx?idlicitacion=621-294-LQ25,https://www.mercadopublico.cl/Procurement/Modules/RFB/DetailsAcquisition.aspx?qs=8JicyJ5n+flxit2iSQ2Qmw==,8JicyJ5n+flxit2iSQ2Qmw==,https://www.mercadopublico.cl/Procurement/Modules/RFB/DetailsAcquisition.aspx?qs=8JicyJ5n+flxit2iSQ2Qmw==,https://www.mercadopublico.cl/Procurement/Modules/RFB/StepsProcessAward/PreviewAwardAct.aspx?qs=8JicyJ5n+flxit2iSQ2Qmw==
https://www.mercadopublico.cl/Procurement/Modules/RFB/DetailsAcquisition.aspx?idlicitacion=1951-23-LE25,https://www.mercadopublico.cl/Procurement/Modules/RFB/DetailsAcquisition.aspx?qs=Bgv7MtNVtYH3JZmSBj3qSA==,Bgv7MtNVtYH3JZmSBj3qSA==,https://www.mercadopublico.cl/Procurement/Modules/RFB/DetailsAcquisition.aspx?qs=Bgv7MtNVtYH3JZmSBj3qSA==,https://www.mercadopublico.cl/Procurement/Modules/RFB/StepsProcessAward/PreviewAwardAct.aspx?qs=Bgv7MtNVtYH3JZmSBj3qSA==
https://www.mercadopublico.cl/Procurement/Modules/RFB/DetailsAcquisition.aspx?idlicitacion=2013-26-LQ24,https://www.mercadopublico.cl/Procurement/Modules/RFB/DetailsAcquisition.aspx?qs=0WpclTJ+onNHVU+h4zYNoA==,0WpclTJ+onNHVU+h4zYNoA==,https://www.mercadopublico.cl/Procurement/Modules/RFB/DetailsAcquisition.aspx?qs=0WpclTJ+onNHVU+h4zYNoA==,https://www.mercadopublico.cl/Procurement/Modules/RFB/StepsProcessAward/PreviewAwardAct.aspx?qs=0WpclTJ+onNHVU+h4zYNoA==
https://www.mercadopublico.cl/Procurement/Modules/RFB/DetailsAcquisition.aspx?idlicitacion=4469-79-L125,https://www.mercadopublico.cl/Procurement/Modules/RFB/DetailsAcquisition.aspx?qs=dltg5yiY/MenDxKiA1Gh0A==,dltg5yiY/MenDxKiA1Gh0A==,https://www.mercadopublico.cl/Procurement/Modules/RFB/DetailsAcquisition.aspx?qs=dltg5yiY/MenDxKiA1Gh0A==,https://www.mercadopublico.cl/Procurement/Modules/RFB/StepsProcessAward/PreviewAwardAct.aspx?qs=dltg5yiY/MenDxKiA1Gh0A==
https://www.mercadopublico.cl/Procurement/Modules/RFB/DetailsAcquisition.aspx?idlicitacion=2277-18-LP25,https://www.mercadopublico.cl/Procurement/Modules/RFB/DetailsAcquisition.aspx?qs=oHJqY5Y8B63PCClRkViP4w==,oHJqY5Y8B63PCClRkViP4w==,https://www.mercadopublico.cl/Procurement/Modules/RFB/DetailsAcquisition.aspx?qs=oHJqY5Y8B63PCClRkViP4w==,https://www.mercadopublico.cl/Procurement/Modules/RFB/StepsProcessAward/PreviewAwardAct.aspx?qs=oHJqY5Y8B63PCClRkViP4w==
https://www.mercadopublico.cl/Procurement/Modules/RFB/DetailsAcquisition.aspx?idlicitacion=5240-52-LQ25,https://www.mercadopublico.cl/Procurement/Modules/RFB/DetailsAcquisition.aspx?qs=bz5Pa+xhh6hSALNFbK2VVw==,bz5Pa+xhh6hSALNFbK2VVw==,https://www.mercadopublico.cl/Procurement/Modules/RFB/DetailsAcquisition.aspx?qs=bz5Pa+xhh6hSALNFbK2VVw==,https://www.mercadopublico.cl/Procurement/Modules/RFB/StepsProcessAward/PreviewAwardAct.aspx?qs=bz5Pa+xhh6hSALNFbK2VVw==
https://www.mercadopublico.cl/Procurement/Modules/RFB/DetailsAcquisition.aspx?idlicitacion=2669-115-L125,https://www.mercadopublico.cl/Procurement/Modules/RFB/DetailsAcquisition.aspx?qs=YVo3LAdRkAksehj7Ve+/HQ==,YVo3LAdRkAksehj7Ve+/HQ==,https://www.mercadopublico.cl/Procurement/Modules/RFB/DetailsAcquisition.aspx?qs=YVo3LAdRkAksehj7Ve+/HQ==,https://www.mercadopublico.cl/Procurement/Modules/RFB/StepsProcessAward/PreviewAwardAct.aspx?qs=YVo3LAdRkAksehj7Ve+/HQ==
https://www.mercadopublico.cl/Procurement/Modules/RFB/DetailsAcquisition.aspx?idlicitacion=687236-2-O124,https://www.mercadopublico.cl/Procurement/Modules/RFB/DetailsAcquisition.aspx?qs=jzSE4PIxB46wjW3/kEiq7g==,jzSE4PIxB46wjW3/kEiq7g==,https://www.mercadopublico.cl/Procurement/Modules/RFB/DetailsAcquisition.aspx?qs=jzSE4PIxB46wjW3/kEiq7g==,https://www.mercadopublico.cl/Procurement/Modules/RFB/StepsProcessAward/PreviewAwardAct.aspx?qs=jzSE4PIxB46wjW3/kEiq7g==
https://www.mercadopublico.cl/Procurement/Modules/RFB/DetailsAcquisition.aspx?idlicitacion=2780-32-LE25,https://www.mercadopublico.cl/Procurement/Modules/RFB/DetailsAcquisition.aspx?qs=gF4fl8wOwjG2U4L36mFA0w==,gF4fl8wOwjG2U4L36mFA0w==,https://www.mercadopublico.cl/Procurement/Modules/RFB/DetailsAcquisition.aspx?qs=gF4fl8wOwjG2U4L36mFA0w==,https://www.mercadopublico.cl/Procurement/Modules/RFB/StepsProcessAward/PreviewAwardAct.aspx?qs=gF4fl8wOwjG2U4L36mFA0w==
https://www.mercadopublico.cl/Procurement/Modules/RFB/DetailsAcquisition.aspx?idlicitacion=1004823-15-LE25,https://www.mercadopublico.cl/Procurement/Modules/RFB/DetailsAcquisition.aspx?qs=iRwmTEGJUgmfjo6XcVaIfw==,iRwmTEGJUgmfjo6XcVaIfw==,https://www.mercadopublico.cl/Procurement/Modules/RFB/DetailsAcquisition.aspx?qs=iRwmTEGJUgmfjo6XcVaIfw==,https://www.mercadopublico.cl/Procurement/Modules/RFB/StepsProcessAward/PreviewAwardAct.aspx?qs=iRwmTEGJUgmfjo6XcVaIfw==
https://www.mercadopublico.cl/Procurement/Modules/RFB/DetailsAcquisition.aspx?idlicitacion=1028871-28-LR25,https://www.mercadopublico.cl/Procurement/Modules/RFB/DetailsAcquisition.aspx?qs=szxS4E1GIxtahK5VgfqLbw==,szxS4E1GIxtahK5VgfqLbw==,https://www.mercadopublico.cl/Procurement/Modules/RFB/DetailsAcquisition.aspx?qs=szxS4E1GIxtahK5VgfqLbw==,https://www.mercadopublico.cl/Procurement/Modules/RFB/StepsProcessAward/PreviewAwardAct.aspx?qs=szxS4E1GIxtahK5VgfqLbw==
https://www.mercadopublico.cl/Procurement/Modules/RFB/DetailsAcquisition.aspx?idlicitacion=1979-106-LQ25,https://www.mercadopublico.cl/Procurement/Modules/RFB/DetailsAcquisition.aspx?qs=7eMyN7GSFjPtLYFzeq4dmQ==,7eMyN7GSFjPtLYFzeq4dmQ==,https://www.mercadopublico.cl/Procurement/Modules/RFB/DetailsAcquisition.aspx?qs=7eMyN7GSFjPtLYFzeq4dmQ==,https://www.mercadopublico.cl/Procurement/Modules/RFB/StepsProcessAward/PreviewAwardAct.aspx?qs=7eMyN7GSFjPtLYFzeq4dmQ==
https://www.mercadopublico.cl/Procurement/Modules/RFB/DetailsAcquisition.aspx?idlicitacion=3268-14-LE25,https://www.mercadopublico.cl/Procurement/Modules/RFB/DetailsAcquisition.aspx?qs=QuVFkiprNfZeHesx3lXlIw==,QuVFkiprNfZeHesx3lXlIw==,https://www.mercadopublico.cl/Procurement/Modules/RFB/DetailsAcquisition.aspx?qs=QuVFkiprNfZeHesx3lXlIw==,https://www.mercadopublico.cl/Procurement/Modules/RFB/StepsProcessAward/PreviewAwardAct.aspx?qs=QuVFkiprNfZeHesx3lXlIw==
https://www.mercadopublico.cl/Procurement/Modules/RFB/DetailsAcquisition.aspx?idlicitacion=4469-22-L125,https://www.mercadopublico.cl/Procurement/Modules/RFB/DetailsAcquisition.aspx?qs=IUd1/2Q/QflosKqFILMRLw==,IUd1/2Q/QflosKqFILMRLw==,https://www.mercadopublico.cl/Procurement/Modules/RFB/DetailsAcquisition.aspx?qs=IUd1/2Q/QflosKqFILMRLw==,https://www.mercadopublico.cl/Procurement/Modules/RFB/StepsProcessAward/PreviewAwardAct.aspx?qs=IUd1/2Q/QflosKqFILMRLw==
https://www.mercadopublico.cl/Procurement/Modules/RFB/DetailsAcquisition.aspx?idlicitacion=3938-12-B225,https://www.mercadopublico.cl/Procurement/Modules/RFB/DetailsAcquisition.aspx?qs=mBaXHlT+fZmIMRfHMGyIfg==,mBaXHlT+fZmIMRfHMGyIfg==,https://www.mercadopublico.cl/Procurement/Modules/RFB/DetailsAcquisition.aspx?qs=mBaXHlT+fZmIMRfHMGyIfg==,https://www.mercadopublico.cl/Procurement/Modules/RFB/StepsProcessAward/PreviewAwardAct.aspx?qs=mBaXHlT+fZmIMRfHMGyIfg==
https://www.mercadopublico.cl/Procurement/Modules/RFB/DetailsAcquisition.aspx?idlicitacion=4074-27-LE25,https://www.mercadopublico.cl/Procurement/Modules/RFB/DetailsAcquisition.aspx?qs=THKsDrkafWl3ry9hAXMRyQ==,THKsDrkafWl3ry9hAXMRyQ==,https://www.mercadopublico.cl/Procurement/Modules/RFB/DetailsAcquisition.aspx?qs=THKsDrkafWl3ry9hAXMRyQ==,https://www.mercadopublico.cl/Procurement/Modules/RFB/StepsProcessAward/PreviewAwardAct.aspx?qs=THKsDrkafWl3ry9hAXMRyQ==
https://www.mercadopublico.cl/Procurement/Modules/RFB/DetailsAcquisition.aspx?idlicitacion=2098-47-LQ25,https://www.mercadopublico.cl/Procurement/Modules/RFB/DetailsAcquisition.aspx?qs=rVDquR2vN/Ia0iCZQ/WOIQ==,rVDquR2vN/Ia0iCZQ/WOIQ==,https://www.mercadopublico.cl/Procurement/Modules/RFB/DetailsAcquisition.aspx?qs=rVDquR2vN/Ia0iCZQ/WOIQ==,https://www.mercadopublico.cl/Procurement/Modules/RFB/StepsProcessAward/PreviewAwardAct.aspx?qs=rVDquR2vN/Ia0iCZQ/WOIQ==
https://www.mercadopublico.cl/Procurement/Modules/RFB/DetailsAcquisition.aspx?idlicitacion=1469-105-L125,https://www.mercadopublico.cl/Procurement/Modules/RFB/DetailsAcquisition.aspx?qs=0xEw0mkB1sBcN6RY1Ihvqg==,0xEw0mkB1sBcN6RY1Ihvqg==,https://www.mercadopublico.cl/Procurement/Modules/RFB/DetailsAcquisition.aspx?qs=0xEw0mkB1sBcN6RY1Ihvqg==,https://www.mercadopublico.cl/Procurement/Modules/RFB/StepsProcessAward/PreviewAwardAct.aspx?qs=0xEw0mkB1sBcN6RY1Ihvqg==
https://www.mercadopublico.cl/Procurement/Modules/RFB/DetailsAcquisition.aspx?idlicitacion=553953-6-LE25,https://www.mercadopublico.cl/Procurement/Modules/RFB/DetailsAcquisition.aspx?qs=uozHqIegk4NCHpsgDmvuUQ==,uozHqIegk4NCHpsgDmvuUQ==,https://www.mercadopublico.cl/Procurement/Modules/RFB/DetailsAcquisition.aspx?qs=uozHqIegk4NCHpsgDmvuUQ==,https://www.mercadopublico.cl/Procurement/Modules/RFB/StepsProcessAward/PreviewAwardAct.aspx?qs=uozHqIegk4NCHpsgDmvuUQ==
https://www.mercadopublico.cl/Procurement/Modules/RFB/DetailsAcquisition.aspx?idlicitacion=5251-84-CO25,https://www.mercadopublico.cl/Procurement/Modules/RFB/DetailsAcquisition.aspx?qs=1kJ4VxIfoz1uvtGra7AJGA==,1kJ4VxIfoz1uvtGra7AJGA==,https://www.mercadopublico.cl/Procurement/Modules/RFB/DetailsAcquisition.aspx?qs=1kJ4VxIfoz1uvtGra7AJGA==,https://www.mercadopublico.cl/Procurement/Modules/RFB/StepsProcessAward/PreviewAwardAct.aspx?qs=1kJ4VxIfoz1uvtGra7AJGA==
https://www.mercadopublico.cl/Procurement/Modules/RFB/DetailsAcquisition.aspx?idlicitacion=2279-54-LE25,https://www.mercadopublico.cl/Procurement/Modules/RFB/DetailsAcquisition.aspx?qs=lr812ZpxlJKjB2JLF/axDQ==,lr812ZpxlJKjB2JLF/axDQ==,https://www.mercadopublico.cl/Procurement/Modules/RFB/DetailsAcquisition.aspx?qs=lr812ZpxlJKjB2JLF/axDQ==,https://www.mercadopublico.cl/Procurement/Modules/RFB/StepsProcessAward/PreviewAwardAct.aspx?qs=lr812ZpxlJKjB2JLF/axDQ==
https://www.mercadopublico.cl/Procurement/Modules/RFB/DetailsAcquisition.aspx?idlicitacion=1233613-72-CO25,https://www.mercadopublico.cl/Procurement/Modules/RFB/DetailsAcquisition.aspx?qs=VYfeBBHdA7t4dLfPzvMeQw==,VYfeBBHdA7t4dLfPzvMeQw==,https://www.mercadopublico.cl/Procurement/Modules/RFB/DetailsAcquisition.aspx?qs=VYfeBBHdA7t4dLfPzvMeQw==,https://www.mercadopublico.cl/Procurement/Modules/RFB/StepsProcessAward/PreviewAwardAct.aspx?qs=VYfeBBHdA7t4dLfPzvMeQw==
https://www.mercadopublico.cl/Procurement/Modules/RFB/DetailsAcquisition.aspx?idlicitacion=1298354-10-L125,https://www.mercadopublico.cl/Procurement/Modules/RFB/DetailsAcquisition.aspx?qs=UbcDToU7xCUqfvtSeY8t6g==,UbcDToU7xCUqfvtSeY8t6g==,https://www.mercadopublico.cl/Procurement/Modules/RFB/DetailsAcquisition.aspx?qs=UbcDToU7xCUqfvtSeY8t6g==,https://www.mercadopublico.cl/Procurement/Modules/RFB/StepsProcessAward/PreviewAwardAct.aspx?qs=UbcDToU7xCUqfvtSeY8t6g==
https://www.mercadopublico.cl/Procurement/Modules/RFB/DetailsAcquisition.aspx?idlicitacion=621-373-LE25,https://www.mercadopublico.cl/Procurement/Modules/RFB/DetailsAcquisition.aspx?qs=Tb7EX7VwVJCVssVVV/kedg==,Tb7EX7VwVJCVssVVV/kedg==,https://www.mercadopublico.cl/Procurement/Modules/RFB/DetailsAcquisition.aspx?qs=Tb7EX7VwVJCVssVVV/kedg==,https://www.mercadopublico.cl/Procurement/Modules/RFB/StepsProcessAward/PreviewAwardAct.aspx?qs=Tb7EX7VwVJCVssVVV/kedg==
https://www.mercadopublico.cl/Procurement/Modules/RFB/DetailsAcquisition.aspx?idlicitacion=4074-26-LE25,https://www.mercadopublico.cl/Procurement/Modules/RFB/DetailsAcquisition.aspx?qs=qhf6ih9xBOZbnrauk61Sng==,qhf6ih9xBOZbnrauk61Sng==,https://www.mercadopublico.cl/Procurement/Modules/RFB/DetailsAcquisition.aspx?qs=qhf6ih9xBOZbnrauk61Sng==,https://www.mercadopublico.cl/Procurement/Modules/RFB/StepsProcessAward/PreviewAwardAct.aspx?qs=qhf6ih9xBOZbnrauk61Sng==
https://www.mercadopublico.cl/Procurement/Modules/RFB/DetailsAcquisition.aspx?idlicitacion=1004823-12-LE25,https://www.mercadopublico.cl/Procurement/Modules/RFB/DetailsAcquisition.aspx?qs=9Ev0Ns93wwpCGJAtVNTBDQ==,9Ev0Ns93wwpCGJAtVNTBDQ==,https://www.mercadopublico.cl/Procurement/Modules/RFB/DetailsAcquisition.aspx?qs=9Ev0Ns93wwpCGJAtVNTBDQ==,https://www.mercadopublico.cl/Procurement/Modules/RFB/StepsProcessAward/PreviewAwardAct.aspx?qs=9Ev0Ns93wwpCGJAtVNTBDQ==
https://www.mercadopublico.cl/Procurement/Modules/RFB/DetailsAcquisition.aspx?idlicitacion=621-39-LR25,https://www.mercadopublico.cl/Procurement/Modules/RFB/DetailsAcquisition.aspx?qs=JQZhe5915VaI5qdn6mttcg==,JQZhe5915VaI5qdn6mttcg==,https://www.mercadopublico.cl/Procurement/Modules/RFB/DetailsAcquisition.aspx?qs=JQZhe5915VaI5qdn6mttcg==,https://www.mercadopublico.cl/Procurement/Modules/RFB/StepsProcessAward/PreviewAwardAct.aspx?qs=JQZhe5915VaI5qdn6mttcg==
https://www.mercadopublico.cl/Procurement/Modules/RFB/DetailsAcquisition.aspx?idlicitacion=2324-63-LE25,https://www.mercadopublico.cl/Procurement/Modules/RFB/DetailsAcquisition.aspx?qs=DXShLMy8Y8oSfYVQ3DLIEw==,DXShLMy8Y8oSfYVQ3DLIEw==,https://www.mercadopublico.cl/Procurement/Modules/RFB/DetailsAcquisition.aspx?qs=DXShLMy8Y8oSfYVQ3DLIEw==,https://www.mercadopublico.cl/Procurement/Modules/RFB/StepsProcessAward/PreviewAwardAct.aspx?qs=DXShLMy8Y8oSfYVQ3DLIEw==
https://www.mercadopublico.cl/Procurement/Modules/RFB/DetailsAcquisition.aspx?idlicitacion=4590-14-LE25,https://www.mercadopublico.cl/Procurement/Modules/RFB/DetailsAcquisition.aspx?qs=eBr7frmqPA/WCHCvc7P7LA==,eBr7frmqPA/WCHCvc7P7LA==,https://www.mercadopublico.cl/Procurement/Modules/RFB/DetailsAcquisition.aspx?qs=eBr7frmqPA/WCHCvc7P7LA==,https://www.mercadopublico.cl/Procurement/Modules/RFB/StepsProcessAward/PreviewAwardAct.aspx?qs=eBr7frmqPA/WCHCvc7P7LA==
https://www.mercadopublico.cl/Procurement/Modules/RFB/DetailsAcquisition.aspx?idlicitacion=621-255-LR25,https://www.mercadopublico.cl/Procurement/Modules/RFB/DetailsAcquisition.aspx?qs=RJlAnC/Ti83PGGR/j2zNfg==,RJlAnC/Ti83PGGR/j2zNfg==,https://www.mercadopublico.cl/Procurement/Modules/RFB/DetailsAcquisition.aspx?qs=RJlAnC/Ti83PGGR/j2zNfg==,https://www.mercadopublico.cl/Procurement/Modules/RFB/StepsProcessAward/PreviewAwardAct.aspx?qs=RJlAnC/Ti83PGGR/j2zNfg==
https://www.mercadopublico.cl/Procurement/Modules/RFB/DetailsAcquisition.aspx?idlicitacion=5615-57-L125,https://www.mercadopublico.cl/Procurement/Modules/RFB/DetailsAcquisition.aspx?qs=AdBVmOZKziN3lRBARoZ4og==,AdBVmOZKziN3lRBARoZ4og==,https://www.mercadopublico.cl/Procurement/Modules/RFB/DetailsAcquisition.aspx?qs=AdBVmOZKziN3lRBARoZ4og==,https://www.mercadopublico.cl/Procurement/Modules/RFB/StepsProcessAward/PreviewAwardAct.aspx?qs=AdBVmOZKziN3lRBARoZ4og==
https://www.mercadopublico.cl/Procurement/Modules/RFB/DetailsAcquisition.aspx?idlicitacion=2703-185-L125,https://www.mercadopublico.cl/Procurement/Modules/RFB/DetailsAcquisition.aspx?qs=Ec5NA3JvLATuKLwpONyiKQ==,Ec5NA3JvLATuKLwpONyiKQ==,https://www.mercadopublico.cl/Procurement/Modules/RFB/DetailsAcquisition.aspx?qs=Ec5NA3JvLATuKLwpONyiKQ==,https://www.mercadopublico.cl/Procurement/Modules/RFB/StepsProcessAward/PreviewAwardAct.aspx?qs=Ec5NA3JvLATuKLwpONyiKQ==
https://www.mercadopublico.cl/Procurement/Modules/RFB/DetailsAcquisition.aspx?idlicitacion=3267-15-L125,https://www.mercadopublico.cl/Procurement/Modules/RFB/DetailsAcquisition.aspx?qs=xJU3k4W7o37/Op0nk+PGtA==,xJU3k4W7o37/Op0nk+PGtA==,https://www.mercadopublico.cl/Procurement/Modules/RFB/DetailsAcquisition.aspx?qs=xJU3k4W7o37/Op0nk+PGtA==,https://www.mercadopublico.cl/Procurement/Modules/RFB/StepsProcessAward/PreviewAwardAct.aspx?qs=xJU3k4W7o37/Op0nk+PGtA==
https://www.mercadopublico.cl/Procurement/Modules/RFB/DetailsAcquisition.aspx?idlicitacion=771555-12-LE25,https://www.mercadopublico.cl/Procurement/Modules/RFB/DetailsAcquisition.aspx?qs=3a1xMwMllyUARsuPN0tPdw==,3a1xMwMllyUARsuPN0tPdw==,https://www.mercadopublico.cl/Procurement/Modules/RFB/DetailsAcquisition.aspx?qs=3a1xMwMllyUARsuPN0tPdw==,https://www.mercadopublico.cl/Procurement/Modules/RFB/StepsProcessAward/PreviewAwardAct.aspx?qs=3a1xMwMllyUARsuPN0tPdw==
https://www.mercadopublico.cl/Procurement/Modules/RFB/DetailsAcquisition.aspx?idlicitacion=621-367-LQ25,https://www.mercadopublico.cl/Procurement/Modules/RFB/DetailsAcquisition.aspx?qs=OOm74dzsyn952bj/2+a4fw==,OOm74dzsyn952bj/2+a4fw==,https://www.mercadopublico.cl/Procurement/Modules/RFB/DetailsAcquisition.aspx?qs=OOm74dzsyn952bj/2+a4fw==,https://www.mercadopublico.cl/Procurement/Modules/RFB/StepsProcessAward/PreviewAwardAct.aspx?qs=OOm74dzsyn952bj/2+a4fw==
https://www.mercadopublico.cl/Procurement/Modules/RFB/DetailsAcquisition.aspx?idlicitacion=1057474-12-LE25,https://www.mercadopublico.cl/Procurement/Modules/RFB/DetailsAcquisition.aspx?qs=3OYteaK+Y+t+rbUnoVqvwA==,3OYteaK+Y+t+rbUnoVqvwA==,https://www.mercadopublico.cl/Procurement/Modules/RFB/DetailsAcquisition.aspx?qs=3OYteaK+Y+t+rbUnoVqvwA==,https://www.mercadopublico.cl/Procurement/Modules/RFB/StepsProcessAward/PreviewAwardAct.aspx?qs=3OYteaK+Y+t+rbUnoVqvwA==
https://www.mercadopublico.cl/Procurement/Modules/RFB/DetailsAcquisition.aspx?idlicitacion=621-349-LR25,https://www.mercadopublico.cl/Procurement/Modules/RFB/DetailsAcquisition.aspx?qs=lhD8VzMoCtO1QVepDQ5s2w==,lhD8VzMoCtO1QVepDQ5s2w==,https://www.mercadopublico.cl/Procurement/Modules/RFB/DetailsAcquisition.aspx?qs=lhD8VzMoCtO1QVepDQ5s2w==,https://www.mercadopublico.cl/Procurement/Modules/RFB/StepsProcessAward/PreviewAwardAct.aspx?qs=lhD8VzMoCtO1QVepDQ5s2w==
https://www.mercadopublico.cl/Procurement/Modules/RFB/DetailsAcquisition.aspx?idlicitacion=3933-3-L125,https://www.mercadopublico.cl/Procurement/Modules/RFB/DetailsAcquisition.aspx?qs=j5nWCe3mSo+aaNHjDdMsMg==,j5nWCe3mSo+aaNHjDdMsMg==,https://www.mercadopublico.cl/Procurement/Modules/RFB/DetailsAcquisition.aspx?qs=j5nWCe3mSo+aaNHjDdMsMg==,https://www.mercadopublico.cl/Procurement/Modules/RFB/StepsProcessAward/PreviewAwardAct.aspx?qs=j5nWCe3mSo+aaNHjDdMsMg==
https://www.mercadopublico.cl/Procurement/Modules/RFB/DetailsAcquisition.aspx?idlicitacion=561704-18-LE25,https://www.mercadopublico.cl/Procurement/Modules/RFB/DetailsAcquisition.aspx?qs=Dm9Jr/SzGVwiGhH2t5uL7A==,Dm9Jr/SzGVwiGhH2t5uL7A==,https://www.mercadopublico.cl/Procurement/Modules/RFB/DetailsAcquisition.aspx?qs=Dm9Jr/SzGVwiGhH2t5uL7A==,https://www.mercadopublico.cl/Procurement/Modules/RFB/StepsProcessAward/PreviewAwardAct.aspx?qs=Dm9Jr/SzGVwiGhH2t5uL7A==
https://www.mercadopublico.cl/Procurement/Modules/RFB/DetailsAcquisition.aspx?idlicitacion=4999-16-CO25,https://www.mercadopublico.cl/Procurement/Modules/RFB/DetailsAcquisition.aspx?qs=8PfYv/gxNhKJAkERGG4ORA==,8PfYv/gxNhKJAkERGG4ORA==,https://www.mercadopublico.cl/Procurement/Modules/RFB/DetailsAcquisition.aspx?qs=8PfYv/gxNhKJAkERGG4ORA==,https://www.mercadopublico.cl/Procurement/Modules/RFB/StepsProcessAward/PreviewAwardAct.aspx?qs=8PfYv/gxNhKJAkERGG4ORA==
https://www.mercadopublico.cl/Procurement/Modules/RFB/DetailsAcquisition.aspx?idlicitacion=2341-19-L125,https://www.mercadopublico.cl/Procurement/Modules/RFB/DetailsAcquisition.aspx?qs=6cbgsOxFB/fdeZ2z1UCFqQ==,6cbgsOxFB/fdeZ2z1UCFqQ==,https://www.mercadopublico.cl/Procurement/Modules/RFB/DetailsAcquisition.aspx?qs=6cbgsOxFB/fdeZ2z1UCFqQ==,https://www.mercadopublico.cl/Procurement/Modules/RFB/StepsProcessAward/PreviewAwardAct.aspx?qs=6cbgsOxFB/fdeZ2z1UCFqQ==
https://www.mercadopublico.cl/Procurement/Modules/RFB/DetailsAcquisition.aspx?idlicitacion=1895-6-LE25,https://www.mercadopublico.cl/Procurement/Modules/RFB/DetailsAcquisition.aspx?qs=BlJbQajZkksGOyPP9WDqWg==,BlJbQajZkksGOyPP9WDqWg==,https://www.mercadopublico.cl/Procurement/Modules/RFB/DetailsAcquisition.aspx?qs=BlJbQajZkksGOyPP9WDqWg==,https://www.mercadopublico.cl/Procurement/Modules/RFB/StepsProcessAward/PreviewAwardAct.aspx?qs=BlJbQajZkksGOyPP9WDqWg==
https://www.mercadopublico.cl/Procurement/Modules/RFB/DetailsAcquisition.aspx?idlicitacion=673663-1-LE25,https://www.mercadopublico.cl/Procurement/Modules/RFB/DetailsAcquisition.aspx?qs=JM1oo9eJTHf4pDy2QSwUZg==,JM1oo9eJTHf4pDy2QSwUZg==,https://www.mercadopublico.cl/Procurement/Modules/RFB/DetailsAcquisition.aspx?qs=JM1oo9eJTHf4pDy2QSwUZg==,https://www.mercadopublico.cl/Procurement/Modules/RFB/StepsProcessAward/PreviewAwardAct.aspx?qs=JM1oo9eJTHf4pDy2QSwUZg==
https://www.mercadopublico.cl/Procurement/Modules/RFB/DetailsAcquisition.aspx?idlicitacion=1650-22-LE25,https://www.mercadopublico.cl/Procurement/Modules/RFB/DetailsAcquisition.aspx?qs=ZvuwkdbSsNSZ/kdxUyq01Q==,ZvuwkdbSsNSZ/kdxUyq01Q==,https://www.mercadopublico.cl/Procurement/Modules/RFB/DetailsAcquisition.aspx?qs=ZvuwkdbSsNSZ/kdxUyq01Q==,https://www.mercadopublico.cl/Procurement/Modules/RFB/StepsProcessAward/PreviewAwardAct.aspx?qs=ZvuwkdbSsNSZ/kdxUyq01Q==
https://www.mercadopublico.cl/Procurement/Modules/RFB/DetailsAcquisition.aspx?idlicitacion=4549-10-LE25,https://www.mercadopublico.cl/Procurement/Modules/RFB/DetailsAcquisition.aspx?qs=cwDinPWimY/iA9ncj47/CA==,cwDinPWimY/iA9ncj47/CA==,https://www.mercadopublico.cl/Procurement/Modules/RFB/DetailsAcquisition.aspx?qs=cwDinPWimY/iA9ncj47/CA==,https://www.mercadopublico.cl/Procurement/Modules/RFB/StepsProcessAward/PreviewAwardAct.aspx?qs=cwDinPWimY/iA9ncj47/CA==
https://www.mercadopublico.cl/Procurement/Modules/RFB/DetailsAcquisition.aspx?idlicitacion=4589-20-LE25,https://www.mercadopublico.cl/Procurement/Modules/RFB/DetailsAcquisition.aspx?qs=7RzYoUMlxssXUK5h0nb87g==,7RzYoUMlxssXUK5h0nb87g==,https://www.mercadopublico.cl/Procurement/Modules/RFB/DetailsAcquisition.aspx?qs=7RzYoUMlxssXUK5h0nb87g==,https://www.mercadopublico.cl/Procurement/Modules/RFB/StepsProcessAward/PreviewAwardAct.aspx?qs=7RzYoUMlxssXUK5h0nb87g==
https://www.mercadopublico.cl/Procurement/Modules/RFB/DetailsAcquisition.aspx?idlicitacion=1094-10-O124,https://www.mercadopublico.cl/Procurement/Modules/RFB/DetailsAcquisition.aspx?qs=7N6M64SvE2nSE9KC+RReHA==,7N6M64SvE2nSE9KC+RReHA==,https://www.mercadopublico.cl/Procurement/Modules/RFB/DetailsAcquisition.aspx?qs=7N6M64SvE2nSE9KC+RReHA==,https://www.mercadopublico.cl/Procurement/Modules/RFB/StepsProcessAward/PreviewAwardAct.aspx?qs=7N6M64SvE2nSE9KC+RReHA==
https://www.mercadopublico.cl/Procurement/Modules/RFB/DetailsAcquisition.aspx?idlicitacion=1180730-4-LE25,https://www.mercadopublico.cl/Procurement/Modules/RFB/DetailsAcquisition.aspx?qs=RODI2fUYF2uA/pPQf5v1kg==,RODI2fUYF2uA/pPQf5v1kg==,https://www.mercadopublico.cl/Procurement/Modules/RFB/DetailsAcquisition.aspx?qs=RODI2fUYF2uA/pPQf5v1kg==,https://www.mercadopublico.cl/Procurement/Modules/RFB/StepsProcessAward/PreviewAwardAct.aspx?qs=RODI2fUYF2uA/pPQf5v1kg==
https://www.mercadopublico.cl/Procurement/Modules/RFB/DetailsAcquisition.aspx?idlicitacion=4404-36-LE25,https://www.mercadopublico.cl/Procurement/Modules/RFB/DetailsAcquisition.aspx?qs=oFeivJMGO0tBSYdsBvBVKg==,oFeivJMGO0tBSYdsBvBVKg==,https://www.mercadopublico.cl/Procurement/Modules/RFB/DetailsAcquisition.aspx?qs=oFeivJMGO0tBSYdsBvBVKg==,https://www.mercadopublico.cl/Procurement/Modules/RFB/StepsProcessAward/PreviewAwardAct.aspx?qs=oFeivJMGO0tBSYdsBvBVKg==
https://www.mercadopublico.cl/Procurement/Modules/RFB/DetailsAcquisition.aspx?idlicitacion=5067-93-L125,https://www.mercadopublico.cl/Procurement/Modules/RFB/DetailsAcquisition.aspx?qs=Rm6+yjLP8Q39TZZJR8V6pA==,Rm6+yjLP8Q39TZZJR8V6pA==,https://www.mercadopublico.cl/Procurement/Modules/RFB/DetailsAcquisition.aspx?qs=Rm6+yjLP8Q39TZZJR8V6pA==,https://www.mercadopublico.cl/Procurement/Modules/RFB/StepsProcessAward/PreviewAwardAct.aspx?qs=Rm6+yjLP8Q39TZZJR8V6pA==
https://www.mercadopublico.cl/Procurement/Modules/RFB/DetailsAcquisition.aspx?idlicitacion=1112555-2-LE25,https://www.mercadopublico.cl/Procurement/Modules/RFB/DetailsAcquisition.aspx?qs=gyvPrWhA//5jc4lvOAMdjQ==,gyvPrWhA//5jc4lvOAMdjQ==,https://www.mercadopublico.cl/Procurement/Modules/RFB/DetailsAcquisition.aspx?qs=gyvPrWhA//5jc4lvOAMdjQ==,https://www.mercadopublico.cl/Procurement/Modules/RFB/StepsProcessAward/PreviewAwardAct.aspx?qs=gyvPrWhA//5jc4lvOAMdjQ==
https://www.mercadopublico.cl/Procurement/Modules/RFB/DetailsAcquisition.aspx?idlicitacion=937232-24-LE25,https://www.mercadopublico.cl/Procurement/Modules/RFB/DetailsAcquisition.aspx?qs=2LlinW4h+z5W3KDHLncdIA==,2LlinW4h+z5W3KDHLncdIA==,https://www.mercadopublico.cl/Procurement/Modules/RFB/DetailsAcquisition.aspx?qs=2LlinW4h+z5W3KDHLncdIA==,https://www.mercadopublico.cl/Procurement/Modules/RFB/StepsProcessAward/PreviewAwardAct.aspx?qs=2LlinW4h+z5W3KDHLncdIA==
https://www.mercadopublico.cl/Procurement/Modules/RFB/DetailsAcquisition.aspx?idlicitacion=2297-5-LE25,https://www.mercadopublico.cl/Procurement/Modules/RFB/DetailsAcquisition.aspx?qs=XxtYvNSmwi+7/HE2T9pwcQ==,XxtYvNSmwi+7/HE2T9pwcQ==,https://www.mercadopublico.cl/Procurement/Modules/RFB/DetailsAcquisition.aspx?qs=XxtYvNSmwi+7/HE2T9pwcQ==,https://www.mercadopublico.cl/Procurement/Modules/RFB/StepsProcessAward/PreviewAwardAct.aspx?qs=XxtYvNSmwi+7/HE2T9pwcQ==
https://www.mercadopublico.cl/Procurement/Modules/RFB/DetailsAcquisition.aspx?idlicitacion=5349-35-L125,https://www.mercadopublico.cl/Procurement/Modules/RFB/DetailsAcquisition.aspx?qs=bkH403hZp+EXHkmFukJrBg==,bkH403hZp+EXHkmFukJrBg==,https://www.mercadopublico.cl/Procurement/Modules/RFB/DetailsAcquisition.aspx?qs=bkH403hZp+EXHkmFukJrBg==,https://www.mercadopublico.cl/Procurement/Modules/RFB/StepsProcessAward/PreviewAwardAct.aspx?qs=bkH403hZp+EXHkmFukJrBg==
https://www.mercadopublico.cl/Procurement/Modules/RFB/DetailsAcquisition.aspx?idlicitacion=3962-21-L125,https://www.mercadopublico.cl/Procurement/Modules/RFB/DetailsAcquisition.aspx?qs=XjDGCOcLpsI6EjIX854hIQ==,XjDGCOcLpsI6EjIX854hIQ==,https://www.mercadopublico.cl/Procurement/Modules/RFB/DetailsAcquisition.aspx?qs=XjDGCOcLpsI6EjIX854hIQ==,https://www.mercadopublico.cl/Procurement/Modules/RFB/StepsProcessAward/PreviewAwardAct.aspx?qs=XjDGCOcLpsI6EjIX854hIQ==
https://www.mercadopublico.cl/Procurement/Modules/RFB/DetailsAcquisition.aspx?idlicitacion=2765-36-L125,https://www.mercadopublico.cl/Procurement/Modules/RFB/DetailsAcquisition.aspx?qs=LQYon4z0yLDQhor5w98LtQ==,LQYon4z0yLDQhor5w98LtQ==,https://www.mercadopublico.cl/Procurement/Modules/RFB/DetailsAcquisition.aspx?qs=LQYon4z0yLDQhor5w98LtQ==,https://www.mercadopublico.cl/Procurement/Modules/RFB/StepsProcessAward/PreviewAwardAct.aspx?qs=LQYon4z0yLDQhor5w98LtQ==
https://www.mercadopublico.cl/Procurement/Modules/RFB/DetailsAcquisition.aspx?idlicitacion=2111-194-LE25,https://www.mercadopublico.cl/Procurement/Modules/RFB/DetailsAcquisition.aspx?qs=bWbmpUqw5nAcBQwV8nJzyA==,bWbmpUqw5nAcBQwV8nJzyA==,https://www.mercadopublico.cl/Procurement/Modules/RFB/DetailsAcquisition.aspx?qs=bWbmpUqw5nAcBQwV8nJzyA==,https://www.mercadopublico.cl/Procurement/Modules/RFB/StepsProcessAward/PreviewAwardAct.aspx?qs=bWbmpUqw5nAcBQwV8nJzyA==
https://www.mercadopublico.cl/Procurement/Modules/RFB/DetailsAcquisition.aspx?idlicitacion=621-399-LQ25,https://www.mercadopublico.cl/Procurement/Modules/RFB/DetailsAcquisition.aspx?qs=bqG3eWPy/Ow0sEJgtMGptA==,bqG3eWPy/Ow0sEJgtMGptA==,https://www.mercadopublico.cl/Procurement/Modules/RFB/DetailsAcquisition.aspx?qs=bqG3eWPy/Ow0sEJgtMGptA==,https://www.mercadopublico.cl/Procurement/Modules/RFB/StepsProcessAward/PreviewAwardAct.aspx?qs=bqG3eWPy/Ow0sEJgtMGptA==
https://www.mercadopublico.cl/Procurement/Modules/RFB/DetailsAcquisition.aspx?idlicitacion=545774-29-B225,https://www.mercadopublico.cl/Procurement/Modules/RFB/DetailsAcquisition.aspx?qs=hvZP9gBCEAcvefuinN2c4w==,hvZP9gBCEAcvefuinN2c4w==,https://www.mercadopublico.cl/Procurement/Modules/RFB/DetailsAcquisition.aspx?qs=hvZP9gBCEAcvefuinN2c4w==,https://www.mercadopublico.cl/Procurement/Modules/RFB/StepsProcessAward/PreviewAwardAct.aspx?qs=hvZP9gBCEAcvefuinN2c4w==
https://www.mercadopublico.cl/Procurement/Modules/RFB/DetailsAcquisition.aspx?idlicitacion=1725-119-LE25,https://www.mercadopublico.cl/Procurement/Modules/RFB/DetailsAcquisition.aspx?qs=DmJ4xzjXTym9oMUvgcV+JQ==,DmJ4xzjXTym9oMUvgcV+JQ==,https://www.mercadopublico.cl/Procurement/Modules/RFB/DetailsAcquisition.aspx?qs=DmJ4xzjXTym9oMUvgcV+JQ==,https://www.mercadopublico.cl/Procurement/Modules/RFB/StepsProcessAward/PreviewAwardAct.aspx?qs=DmJ4xzjXTym9oMUvgcV+JQ==
https://www.mercadopublico.cl/Procurement/Modules/RFB/DetailsAcquisition.aspx?idlicitacion=1069417-207-R125,https://www.mercadopublico.cl/Procurement/Modules/RFB/DetailsAcquisition.aspx?qs=nJFASrdwZxqvyfmehwfFxQ==,nJFASrdwZxqvyfmehwfFxQ==,https://www.mercadopublico.cl/Procurement/Modules/RFB/DetailsAcquisition.aspx?qs=nJFASrdwZxqvyfmehwfFxQ==,https://www.mercadopublico.cl/Procurement/Modules/RFB/StepsProcessAward/PreviewAwardAct.aspx?qs=nJFASrdwZxqvyfmehwfFxQ==
https://www.mercadopublico.cl/Procurement/Modules/RFB/DetailsAcquisition.aspx?idlicitacion=548874-60-LE25,https://www.mercadopublico.cl/Procurement/Modules/RFB/DetailsAcquisition.aspx?qs=dIRzx709oS2FO4NB/k/Y2g==,dIRzx709oS2FO4NB/k/Y2g==,https://www.mercadopublico.cl/Procurement/Modules/RFB/DetailsAcquisition.aspx?qs=dIRzx709oS2FO4NB/k/Y2g==,https://www.mercadopublico.cl/Procurement/Modules/RFB/StepsProcessAward/PreviewAwardAct.aspx?qs=dIRzx709oS2FO4NB/k/Y2g==
https://www.mercadopublico.cl/Procurement/Modules/RFB/DetailsAcquisition.aspx?idlicitacion=3409-8-LE25,https://www.mercadopublico.cl/Procurement/Modules/RFB/DetailsAcquisition.aspx?qs=ORwfxtwzMRQLzS2eBnZe3A==,ORwfxtwzMRQLzS2eBnZe3A==,https://www.mercadopublico.cl/Procurement/Modules/RFB/DetailsAcquisition.aspx?qs=ORwfxtwzMRQLzS2eBnZe3A==,https://www.mercadopublico.cl/Procurement/Modules/RFB/StepsProcessAward/PreviewAwardAct.aspx?qs=ORwfxtwzMRQLzS2eBnZe3A==
https://www.mercadopublico.cl/Procurement/Modules/RFB/DetailsAcquisition.aspx?idlicitacion=4462-22-L125,https://www.mercadopublico.cl/Procurement/Modules/RFB/DetailsAcquisition.aspx?qs=l98ABxJkyBlL1+TIk7EhkA==,l98ABxJkyBlL1+TIk7EhkA==,https://www.mercadopublico.cl/Procurement/Modules/RFB/DetailsAcquisition.aspx?qs=l98ABxJkyBlL1+TIk7EhkA==,https://www.mercadopublico.cl/Procurement/Modules/RFB/StepsProcessAward/PreviewAwardAct.aspx?qs=l98ABxJkyBlL1+TIk7EhkA==
https://www.mercadopublico.cl/Procurement/Modules/RFB/DetailsAcquisition.aspx?idlicitacion=4114-25-LE25,https://www.mercadopublico.cl/Procurement/Modules/RFB/DetailsAcquisition.aspx?qs=8UEOoeDY0gBoU/++BSIZHw==,8UEOoeDY0gBoU/++BSIZHw==,https://www.mercadopublico.cl/Procurement/Modules/RFB/DetailsAcquisition.aspx?qs=8UEOoeDY0gBoU/++BSIZHw==,https://www.mercadopublico.cl/Procurement/Modules/RFB/StepsProcessAward/PreviewAwardAct.aspx?qs=8UEOoeDY0gBoU/++BSIZHw==
https://www.mercadopublico.cl/Procurement/Modules/RFB/DetailsAcquisition.aspx?idlicitacion=3968-49-L125,https://www.mercadopublico.cl/Procurement/Modules/RFB/DetailsAcquisition.aspx?qs=js33d2hcwJtmHXXvgi38GQ==,js33d2hcwJtmHXXvgi38GQ==,https://www.mercadopublico.cl/Procurement/Modules/RFB/DetailsAcquisition.aspx?qs=js33d2hcwJtmHXXvgi38GQ==,https://www.mercadopublico.cl/Procurement/Modules/RFB/StepsProcessAward/PreviewAwardAct.aspx?qs=js33d2hcwJtmHXXvgi38GQ==
https://www.mercadopublico.cl/Procurement/Modules/RFB/DetailsAcquisition.aspx?idlicitacion=2133-65-LP25,https://www.mercadopublico.cl/Procurement/Modules/RFB/DetailsAcquisition.aspx?qs=ZAIzLP3yah+9geP+cGlFNg==,ZAIzLP3yah+9geP+cGlFNg==,https://www.mercadopublico.cl/Procurement/Modules/RFB/DetailsAcquisition.aspx?qs=ZAIzLP3yah+9geP+cGlFNg==,https://www.mercadopublico.cl/Procurement/Modules/RFB/StepsProcessAward/PreviewAwardAct.aspx?qs=ZAIzLP3yah+9geP+cGlFNg==
https://www.mercadopublico.cl/Procurement/Modules/RFB/DetailsAcquisition.aspx?idlicitacion=407-51-LE25,https://www.mercadopublico.cl/Procurement/Modules/RFB/DetailsAcquisition.aspx?qs=iuY2xBPZG+5ROJHwl9i97A==,iuY2xBPZG+5ROJHwl9i97A==,https://www.mercadopublico.cl/Procurement/Modules/RFB/DetailsAcquisition.aspx?qs=iuY2xBPZG+5ROJHwl9i97A==,https://www.mercadopublico.cl/Procurement/Modules/RFB/StepsProcessAward/PreviewAwardAct.aspx?qs=iuY2xBPZG+5ROJHwl9i97A==
https://www.mercadopublico.cl/Procurement/Modules/RFB/DetailsAcquisition.aspx?idlicitacion=1513-3-LR25,https://www.mercadopublico.cl/Procurement/Modules/RFB/DetailsAcquisition.aspx?qs=z8VcAhODJBYEe2kJxSw51g==,z8VcAhODJBYEe2kJxSw51g==,https://www.mercadopublico.cl/Procurement/Modules/RFB/DetailsAcquisition.aspx?qs=z8VcAhODJBYEe2kJxSw51g==,https://www.mercadopublico.cl/Procurement/Modules/RFB/StepsProcessAward/PreviewAwardAct.aspx?qs=z8VcAhODJBYEe2kJxSw51g==
https://www.mercadopublico.cl/Procurement/Modules/RFB/DetailsAcquisition.aspx?idlicitacion=2741-48-LP25,https://www.mercadopublico.cl/Procurement/Modules/RFB/DetailsAcquisition.aspx?qs=Gpb4OqMQlJKAYhkjLdxSOQ==,Gpb4OqMQlJKAYhkjLdxSOQ==,https://www.mercadopublico.cl/Procurement/Modules/RFB/DetailsAcquisition.aspx?qs=Gpb4OqMQlJKAYhkjLdxSOQ==,https://www.mercadopublico.cl/Procurement/Modules/RFB/StepsProcessAward/PreviewAwardAct.aspx?qs=Gpb4OqMQlJKAYhkjLdxSOQ==
https://www.mercadopublico.cl/Procurement/Modules/RFB/DetailsAcquisition.aspx?idlicitacion=2483-107-LE25,https://www.mercadopublico.cl/Procurement/Modules/RFB/DetailsAcquisition.aspx?qs=FBul9GL1f0+dWfyhUbvWmw==,FBul9GL1f0+dWfyhUbvWmw==,https://www.mercadopublico.cl/Procurement/Modules/RFB/DetailsAcquisition.aspx?qs=FBul9GL1f0+dWfyhUbvWmw==,https://www.mercadopublico.cl/Procurement/Modules/RFB/StepsProcessAward/PreviewAwardAct.aspx?qs=FBul9GL1f0+dWfyhUbvWmw==
https://www.mercadopublico.cl/Procurement/Modules/RFB/DetailsAcquisition.aspx?idlicitacion=2409-79-L125,https://www.mercadopublico.cl/Procurement/Modules/RFB/DetailsAcquisition.aspx?qs=xPuv46OHhcLLbrgCiqfkOw==,xPuv46OHhcLLbrgCiqfkOw==,https://www.mercadopublico.cl/Procurement/Modules/RFB/DetailsAcquisition.aspx?qs=xPuv46OHhcLLbrgCiqfkOw==,https://www.mercadopublico.cl/Procurement/Modules/RFB/StepsProcessAward/PreviewAwardAct.aspx?qs=xPuv46OHhcLLbrgCiqfkOw==
https://www.mercadopublico.cl/Procurement/Modules/RFB/DetailsAcquisition.aspx?idlicitacion=621-280-LR25,https://www.mercadopublico.cl/Procurement/Modules/RFB/DetailsAcquisition.aspx?qs=SjHd2d54w1ZWJUBm0rR3Ww==,SjHd2d54w1ZWJUBm0rR3Ww==,https://www.mercadopublico.cl/Procurement/Modules/RFB/DetailsAcquisition.aspx?qs=SjHd2d54w1ZWJUBm0rR3Ww==,https://www.mercadopublico.cl/Procurement/Modules/RFB/StepsProcessAward/PreviewAwardAct.aspx?qs=SjHd2d54w1ZWJUBm0rR3Ww==
https://www.mercadopublico.cl/Procurement/Modules/RFB/DetailsAcquisition.aspx?idlicitacion=2387-53-LE25,https://www.mercadopublico.cl/Procurement/Modules/RFB/DetailsAcquisition.aspx?qs=bCjj07PZw78E/c0N9/KrEA==,bCjj07PZw78E/c0N9/KrEA==,https://www.mercadopublico.cl/Procurement/Modules/RFB/DetailsAcquisition.aspx?qs=bCjj07PZw78E/c0N9/KrEA==,https://www.mercadopublico.cl/Procurement/Modules/RFB/StepsProcessAward/PreviewAwardAct.aspx?qs=bCjj07PZw78E/c0N9/KrEA==
https://www.mercadopublico.cl/Procurement/Modules/RFB/DetailsAcquisition.aspx?idlicitacion=731754-1-LE25,https://www.mercadopublico.cl/Procurement/Modules/RFB/DetailsAcquisition.aspx?qs=YUr8gVXknetd9Wp6mIBAzQ==,YUr8gVXknetd9Wp6mIBAzQ==,https://www.mercadopublico.cl/Procurement/Modules/RFB/DetailsAcquisition.aspx?qs=YUr8gVXknetd9Wp6mIBAzQ==,https://www.mercadopublico.cl/Procurement/Modules/RFB/StepsProcessAward/PreviewAwardAct.aspx?qs=YUr8gVXknetd9Wp6mIBAzQ==
https://www.mercadopublico.cl/Procurement/Modules/RFB/DetailsAcquisition.aspx?idlicitacion=1979-113-LP25,,,https://www.mercadopublico.cl/Procurement/Modules/RFB/DetailsAcquisition.aspx?idlicitacion=1979-113-LP25,
https://www.mercadopublico.cl/Procurement/Modules/RFB/DetailsAcquisition.aspx?idlicitacion=1859-7-L125,https://www.mercadopublico.cl/Procurement/Modules/RFB/DetailsAcquisition.aspx?qs=2lWoZWDrnko1/aAGLQfJmw==,2lWoZWDrnko1/aAGLQfJmw==,https://www.mercadopublico.cl/Procurement/Modules/RFB/DetailsAcquisition.aspx?qs=2lWoZWDrnko1/aAGLQfJmw==,https://www.mercadopublico.cl/Procurement/Modules/RFB/StepsProcessAward/PreviewAwardAct.aspx?qs=2lWoZWDrnko1/aAGLQfJmw==
https://www.mercadopublico.cl/Procurement/Modules/RFB/DetailsAcquisition.aspx?idlicitacion=2744-13-L125,https://www.mercadopublico.cl/Procurement/Modules/RFB/DetailsAcquisition.aspx?qs=Q1Z8Lk63SzKbfxUXjxCTMA==,Q1Z8Lk63SzKbfxUXjxCTMA==,https://www.mercadopublico.cl/Procurement/Modules/RFB/DetailsAcquisition.aspx?qs=Q1Z8Lk63SzKbfxUXjxCTMA==,https://www.mercadopublico.cl/Procurement/Modules/RFB/StepsProcessAward/PreviewAwardAct.aspx?qs=Q1Z8Lk63SzKbfxUXjxCTMA==
https://www.mercadopublico.cl/Procurement/Modules/RFB/DetailsAcquisition.aspx?idlicitacion=1057489-158-LQ25,https://www.mercadopublico.cl/Procurement/Modules/RFB/DetailsAcquisition.aspx?qs=6PvKufkgdZo65F5VahbO9Q==,6PvKufkgdZo65F5VahbO9Q==,https://www.mercadopublico.cl/Procurement/Modules/RFB/DetailsAcquisition.aspx?qs=6PvKufkgdZo65F5VahbO9Q==,https://www.mercadopublico.cl/Procurement/Modules/RFB/StepsProcessAward/PreviewAwardAct.aspx?qs=6PvKufkgdZo65F5VahbO9Q==
https://www.mercadopublico.cl/Procurement/Modules/RFB/DetailsAcquisition.aspx?idlicitacion=3935-19-LP25,https://www.mercadopublico.cl/Procurement/Modules/RFB/DetailsAcquisition.aspx?qs=a7j8KyZMq9P6LBqOqbVAeQ==,a7j8KyZMq9P6LBqOqbVAeQ==,https://www.mercadopublico.cl/Procurement/Modules/RFB/DetailsAcquisition.aspx?qs=a7j8KyZMq9P6LBqOqbVAeQ==,https://www.mercadopublico.cl/Procurement/Modules/RFB/StepsProcessAward/PreviewAwardAct.aspx?qs=a7j8KyZMq9P6LBqOqbVAeQ==
https://www.mercadopublico.cl/Procurement/Modules/RFB/DetailsAcquisition.aspx?idlicitacion=707419-18-L125,https://www.mercadopublico.cl/Procurement/Modules/RFB/DetailsAcquisition.aspx?qs=Y2MbRwzP8oRBN6FQbej0ww==,Y2MbRwzP8oRBN6FQbej0ww==,https://www.mercadopublico.cl/Procurement/Modules/RFB/DetailsAcquisition.aspx?qs=Y2MbRwzP8oRBN6FQbej0ww==,https://www.mercadopublico.cl/Procurement/Modules/RFB/StepsProcessAward/PreviewAwardAct.aspx?qs=Y2MbRwzP8oRBN6FQbej0ww==
https://www.mercadopublico.cl/Procurement/Modules/RFB/DetailsAcquisition.aspx?idlicitacion=2410-55-L125,https://www.mercadopublico.cl/Procurement/Modules/RFB/DetailsAcquisition.aspx?qs=Tq0/ed0jme48tkJj2XIEUQ==,Tq0/ed0jme48tkJj2XIEUQ==,https://www.mercadopublico.cl/Procurement/Modules/RFB/DetailsAcquisition.aspx?qs=Tq0/ed0jme48tkJj2XIEUQ==,https://www.mercadopublico.cl/Procurement/Modules/RFB/StepsProcessAward/PreviewAwardAct.aspx?qs=Tq0/ed0jme48tkJj2XIEUQ==
https://www.mercadopublico.cl/Procurement/Modules/RFB/DetailsAcquisition.aspx?idlicitacion=2107-66-LE25,https://www.mercadopublico.cl/Procurement/Modules/RFB/DetailsAcquisition.aspx?qs=3oEShwbGcZDn1LjePyrgQw==,3oEShwbGcZDn1LjePyrgQw==,https://www.mercadopublico.cl/Procurement/Modules/RFB/DetailsAcquisition.aspx?qs=3oEShwbGcZDn1LjePyrgQw==,https://www.mercadopublico.cl/Procurement/Modules/RFB/StepsProcessAward/PreviewAwardAct.aspx?qs=3oEShwbGcZDn1LjePyrgQw==
https://www.mercadopublico.cl/Procurement/Modules/RFB/DetailsAcquisition.aspx?idlicitacion=784642-2-LE25,https://www.mercadopublico.cl/Procurement/Modules/RFB/DetailsAcquisition.aspx?qs=YA5jzYuLnqfiVfIYqp9O2A==,YA5jzYuLnqfiVfIYqp9O2A==,https://www.mercadopublico.cl/Procurement/Modules/RFB/DetailsAcquisition.aspx?qs=YA5jzYuLnqfiVfIYqp9O2A==,https://www.mercadopublico.cl/Procurement/Modules/RFB/StepsProcessAward/PreviewAwardAct.aspx?qs=YA5jzYuLnqfiVfIYqp9O2A==
https://www.mercadopublico.cl/Procurement/Modules/RFB/DetailsAcquisition.aspx?idlicitacion=1112555-2-R125,https://www.mercadopublico.cl/Procurement/Modules/RFB/DetailsAcquisition.aspx?qs=YeNXbXqdHkmTn6eMmePP5w==,YeNXbXqdHkmTn6eMmePP5w==,https://www.mercadopublico.cl/Procurement/Modules/RFB/DetailsAcquisition.aspx?qs=YeNXbXqdHkmTn6eMmePP5w==,https://www.mercadopublico.cl/Procurement/Modules/RFB/StepsProcessAward/PreviewAwardAct.aspx?qs=YeNXbXqdHkmTn6eMmePP5w==
https://www.mercadopublico.cl/Procurement/Modules/RFB/DetailsAcquisition.aspx?idlicitacion=2788-50-LE25,https://www.mercadopublico.cl/Procurement/Modules/RFB/DetailsAcquisition.aspx?qs=KkytRMrl5T4A1uvknGK1ZQ==,KkytRMrl5T4A1uvknGK1ZQ==,https://www.mercadopublico.cl/Procurement/Modules/RFB/DetailsAcquisition.aspx?qs=KkytRMrl5T4A1uvknGK1ZQ==,https://www.mercadopublico.cl/Procurement/Modules/RFB/StepsProcessAward/PreviewAwardAct.aspx?qs=KkytRMrl5T4A1uvknGK1ZQ==
https://www.mercadopublico.cl/Procurement/Modules/RFB/DetailsAcquisition.aspx?idlicitacion=1493-46-LE25,https://www.mercadopublico.cl/Procurement/Modules/RFB/DetailsAcquisition.aspx?qs=85Z1Dn5gNOYdlgZgNlWV2Q==,85Z1Dn5gNOYdlgZgNlWV2Q==,https://www.mercadopublico.cl/Procurement/Modules/RFB/DetailsAcquisition.aspx?qs=85Z1Dn5gNOYdlgZgNlWV2Q==,https://www.mercadopublico.cl/Procurement/Modules/RFB/StepsProcessAward/PreviewAwardAct.aspx?qs=85Z1Dn5gNOYdlgZgNlWV2Q==
https://www.mercadopublico.cl/Procurement/Modules/RFB/DetailsAcquisition.aspx?idlicitacion=4631-16-LR25,https://www.mercadopublico.cl/Procurement/Modules/RFB/DetailsAcquisition.aspx?qs=JBBdL14WFjV9Ey1DaVstmA==,JBBdL14WFjV9Ey1DaVstmA==,https://www.mercadopublico.cl/Procurement/Modules/RFB/DetailsAcquisition.aspx?qs=JBBdL14WFjV9Ey1DaVstmA==,https://www.mercadopublico.cl/Procurement/Modules/RFB/StepsProcessAward/PreviewAwardAct.aspx?qs=JBBdL14WFjV9Ey1DaVstmA==
https://www.mercadopublico.cl/Procurement/Modules/RFB/DetailsAcquisition.aspx?idlicitacion=3977-18-R125,https://www.mercadopublico.cl/Procurement/Modules/RFB/DetailsAcquisition.aspx?qs=NVBx1gKIDb5ok0T+EGkZQw==,NVBx1gKIDb5ok0T+EGkZQw==,https://www.mercadopublico.cl/Procurement/Modules/RFB/DetailsAcquisition.aspx?qs=NVBx1gKIDb5ok0T+EGkZQw==,https://www.mercadopublico.cl/Procurement/Modules/RFB/StepsProcessAward/PreviewAwardAct.aspx?qs=NVBx1gKIDb5ok0T+EGkZQw==
https://www.mercadopublico.cl/Procurement/Modules/RFB/DetailsAcquisition.aspx?idlicitacion=4486-23-L125,https://www.mercadopublico.cl/Procurement/Modules/RFB/DetailsAcquisition.aspx?qs=v1LQh1NZQTjrXL9xUOHCjA==,v1LQh1NZQTjrXL9xUOHCjA==,https://www.mercadopublico.cl/Procurement/Modules/RFB/DetailsAcquisition.aspx?qs=v1LQh1NZQTjrXL9xUOHCjA==,https://www.mercadopublico.cl/Procurement/Modules/RFB/StepsProcessAward/PreviewAwardAct.aspx?qs=v1LQh1NZQTjrXL9xUOHCjA==
https://www.mercadopublico.cl/Procurement/Modules/RFB/DetailsAcquisition.aspx?idlicitacion=1641-269-LP25,https://www.mercadopublico.cl/Procurement/Modules/RFB/DetailsAcquisition.aspx?qs=gFOF8oetndPJ0p4hFiqngg==,gFOF8oetndPJ0p4hFiqngg==,https://www.mercadopublico.cl/Procurement/Modules/RFB/DetailsAcquisition.aspx?qs=gFOF8oetndPJ0p4hFiqngg==,https://www.mercadopublico.cl/Procurement/Modules/RFB/StepsProcessAward/PreviewAwardAct.aspx?qs=gFOF8oetndPJ0p4hFiqngg==
https://www.mercadopublico.cl/Procurement/Modules/RFB/DetailsAcquisition.aspx?idlicitacion=975-103-O124,https://www.mercadopublico.cl/Procurement/Modules/RFB/DetailsAcquisition.aspx?qs=VvdCoWm9hiLNA6jDIfvf2g==,VvdCoWm9hiLNA6jDIfvf2g==,https://www.mercadopublico.cl/Procurement/Modules/RFB/DetailsAcquisition.aspx?qs=VvdCoWm9hiLNA6jDIfvf2g==,https://www.mercadopublico.cl/Procurement/Modules/RFB/StepsProcessAward/PreviewAwardAct.aspx?qs=VvdCoWm9hiLNA6jDIfvf2g==
https://www.mercadopublico.cl/Procurement/Modules/RFB/DetailsAcquisition.aspx?idlicitacion=3785-16-L125,https://www.mercadopublico.cl/Procurement/Modules/RFB/DetailsAcquisition.aspx?qs=zTa+4edgWFRbn400ltFsMg==,zTa+4edgWFRbn400ltFsMg==,https://www.mercadopublico.cl/Procurement/Modules/RFB/DetailsAcquisition.aspx?qs=zTa+4edgWFRbn400ltFsMg==,https://www.mercadopublico.cl/Procurement/Modules/RFB/StepsProcessAward/PreviewAwardAct.aspx?qs=zTa+4edgWFRbn400ltFsMg==
