Drug Code,Drug Code URL
A000096100,https://lmspiq.fda.gov.tw/web/DRPIQ/DRPIQ1000Result?licId=01000096
A001046100,https://lmspiq.fda.gov.tw/web/DRPIQ/DRPIQ1000Result?licId=01001046
A001584100,https://lmspiq.fda.gov.tw/web/DRPIQ/DRPIQ1000Result?licId=01001584
A001713100,https://lmspiq.fda.gov.tw/web/DRPIQ/DRPIQ1000Result?licId=01001713
A003393100,https://lmspiq.fda.gov.tw/web/DRPIQ/DRPIQ1000Result?licId=01003393
A003727100,https://lmspiq.fda.gov.tw/web/DRPIQ/DRPIQ1000Result?licId=01003727
A004189100,https://lmspiq.fda.gov.tw/web/DRPIQ/DRPIQ1000Result?licId=01004189
A005300100,https://lmspiq.fda.gov.tw/web/DRPIQ/DRPIQ1000Result?licId=01005300
A005869155,https://lmspiq.fda.gov.tw/web/DRPIQ/DRPIQ1000Result?licId=01005869
A006194100,https://lmspiq.fda.gov.tw/web/DRPIQ/DRPIQ1000Result?licId=01006194
A006795100,https://lmspiq.fda.gov.tw/web/DRPIQ/DRPIQ1000Result?licId=01006795
A006819100,https://lmspiq.fda.gov.tw/web/DRPIQ/DRPIQ1000Result?licId=01006819
A006822100,https://lmspiq.fda.gov.tw/web/DRPIQ/DRPIQ1000Result?licId=01006822
A006943100,https://lmspiq.fda.gov.tw/web/DRPIQ/DRPIQ1000Result?licId=01006943
A007679100,https://lmspiq.fda.gov.tw/web/DRPIQ/DRPIQ1000Result?licId=01007679
A007976100,https://lmspiq.fda.gov.tw/web/DRPIQ/DRPIQ1000Result?licId=01007976
A009397100,https://lmspiq.fda.gov.tw/web/DRPIQ/DRPIQ1000Result?licId=01009397
A009480100,https://lmspiq.fda.gov.tw/web/DRPIQ/DRPIQ1000Result?licId=01009480
A012080100,https://lmspiq.fda.gov.tw/web/DRPIQ/DRPIQ1000Result?licId=01012080
A012876100,https://lmspiq.fda.gov.tw/web/DRPIQ/DRPIQ1000Result?licId=01012876
A013126100,https://lmspiq.fda.gov.tw/web/DRPIQ/DRPIQ1000Result?licId=01013126
A013382100,https://lmspiq.fda.gov.tw/web/DRPIQ/DRPIQ1000Result?licId=01013382
A013631100,https://lmspiq.fda.gov.tw/web/DRPIQ/DRPIQ1000Result?licId=01013631
A015242100,https://lmspiq.fda.gov.tw/web/DRPIQ/DRPIQ1000Result?licId=01015242
A015291100,https://lmspiq.fda.gov.tw/web/DRPIQ/DRPIQ1000Result?licId=01015291
A015436100,https://lmspiq.fda.gov.tw/web/DRPIQ/DRPIQ1000Result?licId=01015436
A016350100,https://lmspiq.fda.gov.tw/web/DRPIQ/DRPIQ1000Result?licId=01016350
A016353435,https://lmspiq.fda.gov.tw/web/DRPIQ/DRPIQ1000Result?licId=01016353
A016503100,https://lmspiq.fda.gov.tw/web/DRPIQ/DRPIQ1000Result?licId=01016503
A017121100,https://lmspiq.fda.gov.tw/web/DRPIQ/DRPIQ1000Result?licId=01017121
A017279416,https://lmspiq.fda.gov.tw/web/DRPIQ/DRPIQ1000Result?licId=01017279
A017860100,https://lmspiq.fda.gov.tw/web/DRPIQ/DRPIQ1000Result?licId=01017860
A018250100,https://lmspiq.fda.gov.tw/web/DRPIQ/DRPIQ1000Result?licId=01018250
A0182501G0,https://lmspiq.fda.gov.tw/web/DRPIQ/DRPIQ1000Result?licId=01018250
A018597500,https://lmspiq.fda.gov.tw/web/DRPIQ/DRPIQ1000Result?licId=01018597
A018648100,https://lmspiq.fda.gov.tw/web/DRPIQ/DRPIQ1000Result?licId=01018648
A019144351,https://lmspiq.fda.gov.tw/web/DRPIQ/DRPIQ1000Result?licId=01019144
A019144355,https://lmspiq.fda.gov.tw/web/DRPIQ/DRPIQ1000Result?licId=01019144
A019353100,https://lmspiq.fda.gov.tw/web/DRPIQ/DRPIQ1000Result?licId=01019353
A020455100,https://lmspiq.fda.gov.tw/web/DRPIQ/DRPIQ1000Result?licId=01020455
A020927100,https://lmspiq.fda.gov.tw/web/DRPIQ/DRPIQ1000Result?licId=01020927
A021455335,https://lmspiq.fda.gov.tw/web/DRPIQ/DRPIQ1000Result?licId=01021455
A021709212,https://lmspiq.fda.gov.tw/web/DRPIQ/DRPIQ1000Result?licId=01021709
A022200500,https://lmspiq.fda.gov.tw/web/DRPIQ/DRPIQ1000Result?licId=01022200
A022467100,https://lmspiq.fda.gov.tw/web/DRPIQ/DRPIQ1000Result?licId=01022467
A022905100,https://lmspiq.fda.gov.tw/web/DRPIQ/DRPIQ1000Result?licId=01022905
A023230229,https://lmspiq.fda.gov.tw/web/DRPIQ/DRPIQ1000Result?licId=01023230
A023284100,https://lmspiq.fda.gov.tw/web/DRPIQ/DRPIQ1000Result?licId=01023284
A023319100,https://lmspiq.fda.gov.tw/web/DRPIQ/DRPIQ1000Result?licId=01023319
A023352100,https://lmspiq.fda.gov.tw/web/DRPIQ/DRPIQ1000Result?licId=01023352
A023668212,https://lmspiq.fda.gov.tw/web/DRPIQ/DRPIQ1000Result?licId=01023668
A023743100,https://lmspiq.fda.gov.tw/web/DRPIQ/DRPIQ1000Result?licId=01023743
A024239100,https://lmspiq.fda.gov.tw/web/DRPIQ/DRPIQ1000Result?licId=01024239
A024714100,https://lmspiq.fda.gov.tw/web/DRPIQ/DRPIQ1000Result?licId=01024714
A024921100,https://lmspiq.fda.gov.tw/web/DRPIQ/DRPIQ1000Result?licId=01024921
A024958100,https://lmspiq.fda.gov.tw/web/DRPIQ/DRPIQ1000Result?licId=01024958
A025149100,https://lmspiq.fda.gov.tw/web/DRPIQ/DRPIQ1000Result?licId=01025149
A025624100,https://lmspiq.fda.gov.tw/web/DRPIQ/DRPIQ1000Result?licId=01025624
A025778100,https://lmspiq.fda.gov.tw/web/DRPIQ/DRPIQ1000Result?licId=01025778
A026041100,https://lmspiq.fda.gov.tw/web/DRPIQ/DRPIQ1000Result?licId=01026041
A026058209,https://lmspiq.fda.gov.tw/web/DRPIQ/DRPIQ1000Result?licId=01026058
A026319212,https://lmspiq.fda.gov.tw/web/DRPIQ/DRPIQ1000Result?licId=01026319
A0270441G0,https://lmspiq.fda.gov.tw/web/DRPIQ/DRPIQ1000Result?licId=01027044
A027374100,https://lmspiq.fda.gov.tw/web/DRPIQ/DRPIQ1000Result?licId=01027374
A027432100,https://lmspiq.fda.gov.tw/web/DRPIQ/DRPIQ1000Result?licId=01027432
A027936100,https://lmspiq.fda.gov.tw/web/DRPIQ/DRPIQ1000Result?licId=01027936
A028029100,https://lmspiq.fda.gov.tw/web/DRPIQ/DRPIQ1000Result?licId=01028029
A028315500,https://lmspiq.fda.gov.tw/web/DRPIQ/DRPIQ1000Result?licId=01028315
A028517100,https://lmspiq.fda.gov.tw/web/DRPIQ/DRPIQ1000Result?licId=01028517
A028938100,https://lmspiq.fda.gov.tw/web/DRPIQ/DRPIQ1000Result?licId=01028938
A0289381G0,https://lmspiq.fda.gov.tw/web/DRPIQ/DRPIQ1000Result?licId=01028938
A029210100,https://lmspiq.fda.gov.tw/web/DRPIQ/DRPIQ1000Result?licId=01029210
A029881100,https://lmspiq.fda.gov.tw/web/DRPIQ/DRPIQ1000Result?licId=01029881
A029903329,https://lmspiq.fda.gov.tw/web/DRPIQ/DRPIQ1000Result?licId=01029903
A030456100,https://lmspiq.fda.gov.tw/web/DRPIQ/DRPIQ1000Result?licId=01030456
A030944338,https://lmspiq.fda.gov.tw/web/DRPIQ/DRPIQ1000Result?licId=01030944
A031110100,https://lmspiq.fda.gov.tw/web/DRPIQ/DRPIQ1000Result?licId=01031110
A031179100,https://lmspiq.fda.gov.tw/web/DRPIQ/DRPIQ1000Result?licId=01031179
A031188329,https://lmspiq.fda.gov.tw/web/DRPIQ/DRPIQ1000Result?licId=01031188
A031188338,https://lmspiq.fda.gov.tw/web/DRPIQ/DRPIQ1000Result?licId=01031188
A031833100,https://lmspiq.fda.gov.tw/web/DRPIQ/DRPIQ1000Result?licId=01031833
A031922338,https://lmspiq.fda.gov.tw/web/DRPIQ/DRPIQ1000Result?licId=01031922
A031932100,https://lmspiq.fda.gov.tw/web/DRPIQ/DRPIQ1000Result?licId=01031932
A032027338,https://lmspiq.fda.gov.tw/web/DRPIQ/DRPIQ1000Result?licId=01032027
A032175329,https://lmspiq.fda.gov.tw/web/DRPIQ/DRPIQ1000Result?licId=01032175
A032175340,https://lmspiq.fda.gov.tw/web/DRPIQ/DRPIQ1000Result?licId=01032175
A032325321,https://lmspiq.fda.gov.tw/web/DRPIQ/DRPIQ1000Result?licId=01032325
A032325325,https://lmspiq.fda.gov.tw/web/DRPIQ/DRPIQ1000Result?licId=01032325
A032325329,https://lmspiq.fda.gov.tw/web/DRPIQ/DRPIQ1000Result?licId=01032325
A032325335,https://lmspiq.fda.gov.tw/web/DRPIQ/DRPIQ1000Result?licId=01032325
A032325338,https://lmspiq.fda.gov.tw/web/DRPIQ/DRPIQ1000Result?licId=01032325
A032634338,https://lmspiq.fda.gov.tw/web/DRPIQ/DRPIQ1000Result?licId=01032634
A032761100,https://lmspiq.fda.gov.tw/web/DRPIQ/DRPIQ1000Result?licId=01032761
A033214100,https://lmspiq.fda.gov.tw/web/DRPIQ/DRPIQ1000Result?licId=01033214
A033593211,https://lmspiq.fda.gov.tw/web/DRPIQ/DRPIQ1000Result?licId=01033593
A033677335,https://lmspiq.fda.gov.tw/web/DRPIQ/DRPIQ1000Result?licId=01033677
A033677338,https://lmspiq.fda.gov.tw/web/DRPIQ/DRPIQ1000Result?licId=01033677
A033677343,https://lmspiq.fda.gov.tw/web/DRPIQ/DRPIQ1000Result?licId=01033677
A033890100,https://lmspiq.fda.gov.tw/web/DRPIQ/DRPIQ1000Result?licId=01033890
A0339001G0,https://lmspiq.fda.gov.tw/web/DRPIQ/DRPIQ1000Result?licId=01033900
A034071421,https://lmspiq.fda.gov.tw/web/DRPIQ/DRPIQ1000Result?licId=01034071
A034146329,https://lmspiq.fda.gov.tw/web/DRPIQ/DRPIQ1000Result?licId=01034146
A034159338,https://lmspiq.fda.gov.tw/web/DRPIQ/DRPIQ1000Result?licId=01034159
A034159345,https://lmspiq.fda.gov.tw/web/DRPIQ/DRPIQ1000Result?licId=01034159
A034508338,https://lmspiq.fda.gov.tw/web/DRPIQ/DRPIQ1000Result?licId=01034508
A034573343,https://lmspiq.fda.gov.tw/web/DRPIQ/DRPIQ1000Result?licId=01034573
A034660338,https://lmspiq.fda.gov.tw/web/DRPIQ/DRPIQ1000Result?licId=01034660
A035037329,https://lmspiq.fda.gov.tw/web/DRPIQ/DRPIQ1000Result?licId=01035037
A035037335,https://lmspiq.fda.gov.tw/web/DRPIQ/DRPIQ1000Result?licId=01035037
A035037340,https://lmspiq.fda.gov.tw/web/DRPIQ/DRPIQ1000Result?licId=01035037
A035072329,https://lmspiq.fda.gov.tw/web/DRPIQ/DRPIQ1000Result?licId=01035072
A035211100,https://lmspiq.fda.gov.tw/web/DRPIQ/DRPIQ1000Result?licId=01035211
A035397338,https://lmspiq.fda.gov.tw/web/DRPIQ/DRPIQ1000Result?licId=01035397
A035440329,https://lmspiq.fda.gov.tw/web/DRPIQ/DRPIQ1000Result?licId=01035440
A035546429,https://lmspiq.fda.gov.tw/web/DRPIQ/DRPIQ1000Result?licId=01035546
A035676338,https://lmspiq.fda.gov.tw/web/DRPIQ/DRPIQ1000Result?licId=01035676
A035883329,https://lmspiq.fda.gov.tw/web/DRPIQ/DRPIQ1000Result?licId=01035883
A035966100,https://lmspiq.fda.gov.tw/web/DRPIQ/DRPIQ1000Result?licId=01035966
A035967100,https://lmspiq.fda.gov.tw/web/DRPIQ/DRPIQ1000Result?licId=01035967
A035969100,https://lmspiq.fda.gov.tw/web/DRPIQ/DRPIQ1000Result?licId=01035969
A036587329,https://lmspiq.fda.gov.tw/web/DRPIQ/DRPIQ1000Result?licId=01036587
A036587338,https://lmspiq.fda.gov.tw/web/DRPIQ/DRPIQ1000Result?licId=01036587
A036587343,https://lmspiq.fda.gov.tw/web/DRPIQ/DRPIQ1000Result?licId=01036587
A036587396,https://lmspiq.fda.gov.tw/web/DRPIQ/DRPIQ1000Result?licId=01036587
A036813100,https://lmspiq.fda.gov.tw/web/DRPIQ/DRPIQ1000Result?licId=01036813
A036867329,https://lmspiq.fda.gov.tw/web/DRPIQ/DRPIQ1000Result?licId=01036867
A036867338,https://lmspiq.fda.gov.tw/web/DRPIQ/DRPIQ1000Result?licId=01036867
A036867343,https://lmspiq.fda.gov.tw/web/DRPIQ/DRPIQ1000Result?licId=01036867
A0376913AK,https://lmspiq.fda.gov.tw/web/DRPIQ/DRPIQ1000Result?licId=01037691
A038356338,https://lmspiq.fda.gov.tw/web/DRPIQ/DRPIQ1000Result?licId=01038356
A038438338,https://lmspiq.fda.gov.tw/web/DRPIQ/DRPIQ1000Result?licId=01038438
A038772443,https://lmspiq.fda.gov.tw/web/DRPIQ/DRPIQ1000Result?licId=01038772
A038862343,https://lmspiq.fda.gov.tw/web/DRPIQ/DRPIQ1000Result?licId=01038862
A039349343,https://lmspiq.fda.gov.tw/web/DRPIQ/DRPIQ1000Result?licId=01039349
A039349345,https://lmspiq.fda.gov.tw/web/DRPIQ/DRPIQ1000Result?licId=01039349
A039634100,https://lmspiq.fda.gov.tw/web/DRPIQ/DRPIQ1000Result?licId=01039634
A039693335,https://lmspiq.fda.gov.tw/web/DRPIQ/DRPIQ1000Result?licId=01039693
A040105100,https://lmspiq.fda.gov.tw/web/DRPIQ/DRPIQ1000Result?licId=01040105
A040370100,https://lmspiq.fda.gov.tw/web/DRPIQ/DRPIQ1000Result?licId=01040370
A040767321,https://lmspiq.fda.gov.tw/web/DRPIQ/DRPIQ1000Result?licId=01040767
A040767329,https://lmspiq.fda.gov.tw/web/DRPIQ/DRPIQ1000Result?licId=01040767
A040767335,https://lmspiq.fda.gov.tw/web/DRPIQ/DRPIQ1000Result?licId=01040767
A040767338,https://lmspiq.fda.gov.tw/web/DRPIQ/DRPIQ1000Result?licId=01040767
A0407673AK,https://lmspiq.fda.gov.tw/web/DRPIQ/DRPIQ1000Result?licId=01040767
A040949100,https://lmspiq.fda.gov.tw/web/DRPIQ/DRPIQ1000Result?licId=01040949
A041281100,https://lmspiq.fda.gov.tw/web/DRPIQ/DRPIQ1000Result?licId=01041281
A042239100,https://lmspiq.fda.gov.tw/web/DRPIQ/DRPIQ1000Result?licId=01042239
A042389100,https://lmspiq.fda.gov.tw/web/DRPIQ/DRPIQ1000Result?licId=01042389
A042441338,https://lmspiq.fda.gov.tw/web/DRPIQ/DRPIQ1000Result?licId=01042441
A042941100,https://lmspiq.fda.gov.tw/web/DRPIQ/DRPIQ1000Result?licId=01042941
A043626343,https://lmspiq.fda.gov.tw/web/DRPIQ/DRPIQ1000Result?licId=01043626
A043868100,https://lmspiq.fda.gov.tw/web/DRPIQ/DRPIQ1000Result?licId=01043868
A043925345,https://lmspiq.fda.gov.tw/web/DRPIQ/DRPIQ1000Result?licId=01043925
A044315100,https://lmspiq.fda.gov.tw/web/DRPIQ/DRPIQ1000Result?licId=01044315
A044810100,https://lmspiq.fda.gov.tw/web/DRPIQ/DRPIQ1000Result?licId=01044810
A046453345,https://lmspiq.fda.gov.tw/web/DRPIQ/DRPIQ1000Result?licId=01046453
A047966100,https://lmspiq.fda.gov.tw/web/DRPIQ/DRPIQ1000Result?licId=01047966
A048087100,https://lmspiq.fda.gov.tw/web/DRPIQ/DRPIQ1000Result?licId=01048087
A048448345,https://lmspiq.fda.gov.tw/web/DRPIQ/DRPIQ1000Result?licId=01048448
A048783345,https://lmspiq.fda.gov.tw/web/DRPIQ/DRPIQ1000Result?licId=01048783
A051719100,https://lmspiq.fda.gov.tw/web/DRPIQ/DRPIQ1000Result?licId=01051719
A054993100,https://lmspiq.fda.gov.tw/web/DRPIQ/DRPIQ1000Result?licId=01054993
A055967100,https://lmspiq.fda.gov.tw/web/DRPIQ/DRPIQ1000Result?licId=01055967
A0571353AK,https://lmspiq.fda.gov.tw/web/DRPIQ/DRPIQ1000Result?licId=01057135
AA36015345,https://lmspiq.fda.gov.tw/web/DRPIQ/DRPIQ1000Result?licId=01036015
AA49288100,https://lmspiq.fda.gov.tw/web/DRPIQ/DRPIQ1000Result?licId=01049288
AA49543100,https://lmspiq.fda.gov.tw/web/DRPIQ/DRPIQ1000Result?licId=01049543
AA56739100,https://lmspiq.fda.gov.tw/web/DRPIQ/DRPIQ1000Result?licId=01056739
AA57372100,https://lmspiq.fda.gov.tw/web/DRPIQ/DRPIQ1000Result?licId=01057372
AA57774100,https://lmspiq.fda.gov.tw/web/DRPIQ/DRPIQ1000Result?licId=01057774
AA57802100,https://lmspiq.fda.gov.tw/web/DRPIQ/DRPIQ1000Result?licId=01057802
AA57843100,https://lmspiq.fda.gov.tw/web/DRPIQ/DRPIQ1000Result?licId=01057843
AA57950100,https://lmspiq.fda.gov.tw/web/DRPIQ/DRPIQ1000Result?licId=01057950
AA58648100,https://lmspiq.fda.gov.tw/web/DRPIQ/DRPIQ1000Result?licId=51058648
AB03388100,https://lmspiq.fda.gov.tw/web/DRPIQ/DRPIQ1000Result?licId=01003388
AB033881G0,https://lmspiq.fda.gov.tw/web/DRPIQ/DRPIQ1000Result?licId=01003388
AB09102100,https://lmspiq.fda.gov.tw/web/DRPIQ/DRPIQ1000Result?licId=01009102
AB091021G0,https://lmspiq.fda.gov.tw/web/DRPIQ/DRPIQ1000Result?licId=01009102
AB14154100,https://lmspiq.fda.gov.tw/web/DRPIQ/DRPIQ1000Result?licId=01014154
AB141541G0,https://lmspiq.fda.gov.tw/web/DRPIQ/DRPIQ1000Result?licId=01014154
AB18251100,https://lmspiq.fda.gov.tw/web/DRPIQ/DRPIQ1000Result?licId=01018251
AB182511G0,https://lmspiq.fda.gov.tw/web/DRPIQ/DRPIQ1000Result?licId=01018251
AB198751G0,https://lmspiq.fda.gov.tw/web/DRPIQ/DRPIQ1000Result?licId=01019875
AB23037100,https://lmspiq.fda.gov.tw/web/DRPIQ/DRPIQ1000Result?licId=01023037
AB230371G0,https://lmspiq.fda.gov.tw/web/DRPIQ/DRPIQ1000Result?licId=01023037
AB26442100,https://lmspiq.fda.gov.tw/web/DRPIQ/DRPIQ1000Result?licId=01026442
AB36015338,https://lmspiq.fda.gov.tw/web/DRPIQ/DRPIQ1000Result?licId=01036015
AB36788100,https://lmspiq.fda.gov.tw/web/DRPIQ/DRPIQ1000Result?licId=01036788
AB367881G0,https://lmspiq.fda.gov.tw/web/DRPIQ/DRPIQ1000Result?licId=01036788
AB40046100,https://lmspiq.fda.gov.tw/web/DRPIQ/DRPIQ1000Result?licId=01040046
AB40644100,https://lmspiq.fda.gov.tw/web/DRPIQ/DRPIQ1000Result?licId=01040644
AB41226100,https://lmspiq.fda.gov.tw/web/DRPIQ/DRPIQ1000Result?licId=01041226
AB412261G0,https://lmspiq.fda.gov.tw/web/DRPIQ/DRPIQ1000Result?licId=01041226
AB43852100,https://lmspiq.fda.gov.tw/web/DRPIQ/DRPIQ1000Result?licId=01043852
AB46029100,https://lmspiq.fda.gov.tw/web/DRPIQ/DRPIQ1000Result?licId=01046029
AB47348100,https://lmspiq.fda.gov.tw/web/DRPIQ/DRPIQ1000Result?licId=01047348
AB48586100,https://lmspiq.fda.gov.tw/web/DRPIQ/DRPIQ1000Result?licId=01048586
AB48644100,https://lmspiq.fda.gov.tw/web/DRPIQ/DRPIQ1000Result?licId=01048644
AB48681100,https://lmspiq.fda.gov.tw/web/DRPIQ/DRPIQ1000Result?licId=01048681
AB48836100,https://lmspiq.fda.gov.tw/web/DRPIQ/DRPIQ1000Result?licId=01048836
AB49021100,https://lmspiq.fda.gov.tw/web/DRPIQ/DRPIQ1000Result?licId=01049021
AB49143100,https://lmspiq.fda.gov.tw/web/DRPIQ/DRPIQ1000Result?licId=01049143
AB49454100,https://lmspiq.fda.gov.tw/web/DRPIQ/DRPIQ1000Result?licId=01049454
AB49503100,https://lmspiq.fda.gov.tw/web/DRPIQ/DRPIQ1000Result?licId=01049503
AB50154100,https://lmspiq.fda.gov.tw/web/DRPIQ/DRPIQ1000Result?licId=01050154
AB51029100,https://lmspiq.fda.gov.tw/web/DRPIQ/DRPIQ1000Result?licId=01051029
AB51732100,https://lmspiq.fda.gov.tw/web/DRPIQ/DRPIQ1000Result?licId=01051732
AB54966100,https://lmspiq.fda.gov.tw/web/DRPIQ/DRPIQ1000Result?licId=01054966
AB54967100,https://lmspiq.fda.gov.tw/web/DRPIQ/DRPIQ1000Result?licId=01054967
AB57194100,https://lmspiq.fda.gov.tw/web/DRPIQ/DRPIQ1000Result?licId=01057194
AB57772100,https://lmspiq.fda.gov.tw/web/DRPIQ/DRPIQ1000Result?licId=01057772
AB57783248,https://lmspiq.fda.gov.tw/web/DRPIQ/DRPIQ1000Result?licId=01057783
AB57940100,https://lmspiq.fda.gov.tw/web/DRPIQ/DRPIQ1000Result?licId=01057940
AB57967100,https://lmspiq.fda.gov.tw/web/DRPIQ/DRPIQ1000Result?licId=01057967
AB57982248,https://lmspiq.fda.gov.tw/web/DRPIQ/DRPIQ1000Result?licId=01057982
AB57992248,https://lmspiq.fda.gov.tw/web/DRPIQ/DRPIQ1000Result?licId=01057992
AB58049100,https://lmspiq.fda.gov.tw/web/DRPIQ/DRPIQ1000Result?licId=51058049
AC00420100,https://lmspiq.fda.gov.tw/web/DRPIQ/DRPIQ1000Result?licId=01000420
AC00639100,https://lmspiq.fda.gov.tw/web/DRPIQ/DRPIQ1000Result?licId=01000639
AC006391G0,https://lmspiq.fda.gov.tw/web/DRPIQ/DRPIQ1000Result?licId=01000639
AC00649100,https://lmspiq.fda.gov.tw/web/DRPIQ/DRPIQ1000Result?licId=01000649
AC00863100,https://lmspiq.fda.gov.tw/web/DRPIQ/DRPIQ1000Result?licId=01000863
AC01577100,https://lmspiq.fda.gov.tw/web/DRPIQ/DRPIQ1000Result?licId=01001577
AC01741100,https://lmspiq.fda.gov.tw/web/DRPIQ/DRPIQ1000Result?licId=01001741
AC01806100,https://lmspiq.fda.gov.tw/web/DRPIQ/DRPIQ1000Result?licId=01001806
AC01816100,https://lmspiq.fda.gov.tw/web/DRPIQ/DRPIQ1000Result?licId=01001816
AC01923229,https://lmspiq.fda.gov.tw/web/DRPIQ/DRPIQ1000Result?licId=01001923
AC02328100,https://lmspiq.fda.gov.tw/web/DRPIQ/DRPIQ1000Result?licId=01002328
AC03098100,https://lmspiq.fda.gov.tw/web/DRPIQ/DRPIQ1000Result?licId=01003098
AC030981G0,https://lmspiq.fda.gov.tw/web/DRPIQ/DRPIQ1000Result?licId=01003098
AC03266100,https://lmspiq.fda.gov.tw/web/DRPIQ/DRPIQ1000Result?licId=01003266
AC03291100,https://lmspiq.fda.gov.tw/web/DRPIQ/DRPIQ1000Result?licId=01003291
AC032911G0,https://lmspiq.fda.gov.tw/web/DRPIQ/DRPIQ1000Result?licId=01003291
AC03697417,https://lmspiq.fda.gov.tw/web/DRPIQ/DRPIQ1000Result?licId=01003697
AC03697421,https://lmspiq.fda.gov.tw/web/DRPIQ/DRPIQ1000Result?licId=01003697
AC04276100,https://lmspiq.fda.gov.tw/web/DRPIQ/DRPIQ1000Result?licId=01004276
AC042761G0,https://lmspiq.fda.gov.tw/web/DRPIQ/DRPIQ1000Result?licId=01004276
AC04490417,https://lmspiq.fda.gov.tw/web/DRPIQ/DRPIQ1000Result?licId=01004490
AC04963100,https://lmspiq.fda.gov.tw/web/DRPIQ/DRPIQ1000Result?licId=01004963
AC049631G0,https://lmspiq.fda.gov.tw/web/DRPIQ/DRPIQ1000Result?licId=01004963
AC05495100,https://lmspiq.fda.gov.tw/web/DRPIQ/DRPIQ1000Result?licId=01005495
AC05757100,https://lmspiq.fda.gov.tw/web/DRPIQ/DRPIQ1000Result?licId=01005757
AC057571G0,https://lmspiq.fda.gov.tw/web/DRPIQ/DRPIQ1000Result?licId=01005757
AC05860100,https://lmspiq.fda.gov.tw/web/DRPIQ/DRPIQ1000Result?licId=01005860
AC05886209,https://lmspiq.fda.gov.tw/web/DRPIQ/DRPIQ1000Result?licId=01005886
AC05886229,https://lmspiq.fda.gov.tw/web/DRPIQ/DRPIQ1000Result?licId=01005886
AC05891209,https://lmspiq.fda.gov.tw/web/DRPIQ/DRPIQ1000Result?licId=01005891
AC06373100,https://lmspiq.fda.gov.tw/web/DRPIQ/DRPIQ1000Result?licId=01006373
AC07175100,https://lmspiq.fda.gov.tw/web/DRPIQ/DRPIQ1000Result?licId=01007175
AC09252100,https://lmspiq.fda.gov.tw/web/DRPIQ/DRPIQ1000Result?licId=01009252
AC09438212,https://lmspiq.fda.gov.tw/web/DRPIQ/DRPIQ1000Result?licId=01009438
AC09654100,https://lmspiq.fda.gov.tw/web/DRPIQ/DRPIQ1000Result?licId=01009654
AC09782100,https://lmspiq.fda.gov.tw/web/DRPIQ/DRPIQ1000Result?licId=01009782
AC097821G0,https://lmspiq.fda.gov.tw/web/DRPIQ/DRPIQ1000Result?licId=01009782
AC09792100,https://lmspiq.fda.gov.tw/web/DRPIQ/DRPIQ1000Result?licId=01009792
AC10058100,https://lmspiq.fda.gov.tw/web/DRPIQ/DRPIQ1000Result?licId=01010058
AC10183100,https://lmspiq.fda.gov.tw/web/DRPIQ/DRPIQ1000Result?licId=01010183
AC10192100,https://lmspiq.fda.gov.tw/web/DRPIQ/DRPIQ1000Result?licId=01010192
AC10248100,https://lmspiq.fda.gov.tw/web/DRPIQ/DRPIQ1000Result?licId=01010248
AC102481G0,https://lmspiq.fda.gov.tw/web/DRPIQ/DRPIQ1000Result?licId=01010248
AC10332100,https://lmspiq.fda.gov.tw/web/DRPIQ/DRPIQ1000Result?licId=01010332
AC10334100,https://lmspiq.fda.gov.tw/web/DRPIQ/DRPIQ1000Result?licId=01010334
AC10428100,https://lmspiq.fda.gov.tw/web/DRPIQ/DRPIQ1000Result?licId=01010428
AC10582100,https://lmspiq.fda.gov.tw/web/DRPIQ/DRPIQ1000Result?licId=01010582
AC10812100,https://lmspiq.fda.gov.tw/web/DRPIQ/DRPIQ1000Result?licId=01010812
AC10917100,https://lmspiq.fda.gov.tw/web/DRPIQ/DRPIQ1000Result?licId=01010917
AC109171G0,https://lmspiq.fda.gov.tw/web/DRPIQ/DRPIQ1000Result?licId=01010917
AC11224100,https://lmspiq.fda.gov.tw/web/DRPIQ/DRPIQ1000Result?licId=01011224
AC112241G0,https://lmspiq.fda.gov.tw/web/DRPIQ/DRPIQ1000Result?licId=01011224
AC11576212,https://lmspiq.fda.gov.tw/web/DRPIQ/DRPIQ1000Result?licId=01011576
AC11807100,https://lmspiq.fda.gov.tw/web/DRPIQ/DRPIQ1000Result?licId=01011807
AC118071G0,https://lmspiq.fda.gov.tw/web/DRPIQ/DRPIQ1000Result?licId=01011807
AC11838416,https://lmspiq.fda.gov.tw/web/DRPIQ/DRPIQ1000Result?licId=01011838
AC11838417,https://lmspiq.fda.gov.tw/web/DRPIQ/DRPIQ1000Result?licId=01011838
AC11838421,https://lmspiq.fda.gov.tw/web/DRPIQ/DRPIQ1000Result?licId=01011838
AC12639100,https://lmspiq.fda.gov.tw/web/DRPIQ/DRPIQ1000Result?licId=01012639
AC12782100,https://lmspiq.fda.gov.tw/web/DRPIQ/DRPIQ1000Result?licId=01012782
AC12824277,https://lmspiq.fda.gov.tw/web/DRPIQ/DRPIQ1000Result?licId=01012824
AC12973421,https://lmspiq.fda.gov.tw/web/DRPIQ/DRPIQ1000Result?licId=01012973
AC13433100,https://lmspiq.fda.gov.tw/web/DRPIQ/DRPIQ1000Result?licId=01013433
AC14228100,https://lmspiq.fda.gov.tw/web/DRPIQ/DRPIQ1000Result?licId=01014228
AC142281G0,https://lmspiq.fda.gov.tw/web/DRPIQ/DRPIQ1000Result?licId=01014228
AC14346100,https://lmspiq.fda.gov.tw/web/DRPIQ/DRPIQ1000Result?licId=01014346
AC14361209,https://lmspiq.fda.gov.tw/web/DRPIQ/DRPIQ1000Result?licId=01014361
AC14441221,https://lmspiq.fda.gov.tw/web/DRPIQ/DRPIQ1000Result?licId=01014441
AC14596500,https://lmspiq.fda.gov.tw/web/DRPIQ/DRPIQ1000Result?licId=01014596
AC15042100,https://lmspiq.fda.gov.tw/web/DRPIQ/DRPIQ1000Result?licId=01015042
AC15529100,https://lmspiq.fda.gov.tw/web/DRPIQ/DRPIQ1000Result?licId=01015529
AC15791100,https://lmspiq.fda.gov.tw/web/DRPIQ/DRPIQ1000Result?licId=01015791
AC157911G0,https://lmspiq.fda.gov.tw/web/DRPIQ/DRPIQ1000Result?licId=01015791
AC15910100,https://lmspiq.fda.gov.tw/web/DRPIQ/DRPIQ1000Result?licId=01015910
AC16227100,https://lmspiq.fda.gov.tw/web/DRPIQ/DRPIQ1000Result?licId=01016227
AC16444100,https://lmspiq.fda.gov.tw/web/DRPIQ/DRPIQ1000Result?licId=01016444
AC164441G0,https://lmspiq.fda.gov.tw/web/DRPIQ/DRPIQ1000Result?licId=01016444
AC16500100,https://lmspiq.fda.gov.tw/web/DRPIQ/DRPIQ1000Result?licId=01016500
AC16964100,https://lmspiq.fda.gov.tw/web/DRPIQ/DRPIQ1000Result?licId=01016964
AC16972100,https://lmspiq.fda.gov.tw/web/DRPIQ/DRPIQ1000Result?licId=01016972
AC17279421,https://lmspiq.fda.gov.tw/web/DRPIQ/DRPIQ1000Result?licId=01017279
AC17429100,https://lmspiq.fda.gov.tw/web/DRPIQ/DRPIQ1000Result?licId=01017429
AC17868100,https://lmspiq.fda.gov.tw/web/DRPIQ/DRPIQ1000Result?licId=01017868
AC18458100,https://lmspiq.fda.gov.tw/web/DRPIQ/DRPIQ1000Result?licId=01018458
AC184581G0,https://lmspiq.fda.gov.tw/web/DRPIQ/DRPIQ1000Result?licId=01018458
AC18598329,https://lmspiq.fda.gov.tw/web/DRPIQ/DRPIQ1000Result?licId=01018598
AC18598335,https://lmspiq.fda.gov.tw/web/DRPIQ/DRPIQ1000Result?licId=01018598
AC18649100,https://lmspiq.fda.gov.tw/web/DRPIQ/DRPIQ1000Result?licId=01018649
AC18705100,https://lmspiq.fda.gov.tw/web/DRPIQ/DRPIQ1000Result?licId=01018705
AC18719100,https://lmspiq.fda.gov.tw/web/DRPIQ/DRPIQ1000Result?licId=01018719
AC187191G0,https://lmspiq.fda.gov.tw/web/DRPIQ/DRPIQ1000Result?licId=01018719
AC18895100,https://lmspiq.fda.gov.tw/web/DRPIQ/DRPIQ1000Result?licId=01018895
AC18920100,https://lmspiq.fda.gov.tw/web/DRPIQ/DRPIQ1000Result?licId=01018920
AC19192100,https://lmspiq.fda.gov.tw/web/DRPIQ/DRPIQ1000Result?licId=01019192
AC19254100,https://lmspiq.fda.gov.tw/web/DRPIQ/DRPIQ1000Result?licId=01019254
AC192541G0,https://lmspiq.fda.gov.tw/web/DRPIQ/DRPIQ1000Result?licId=01019254
AC19411100,https://lmspiq.fda.gov.tw/web/DRPIQ/DRPIQ1000Result?licId=01019411
AC19557100,https://lmspiq.fda.gov.tw/web/DRPIQ/DRPIQ1000Result?licId=01019557
AC195571G0,https://lmspiq.fda.gov.tw/web/DRPIQ/DRPIQ1000Result?licId=01019557
AC19639100,https://lmspiq.fda.gov.tw/web/DRPIQ/DRPIQ1000Result?licId=01019639
AC196391G0,https://lmspiq.fda.gov.tw/web/DRPIQ/DRPIQ1000Result?licId=01019639
AC19875100,https://lmspiq.fda.gov.tw/web/DRPIQ/DRPIQ1000Result?licId=01019875
AC20451100,https://lmspiq.fda.gov.tw/web/DRPIQ/DRPIQ1000Result?licId=01020451
AC204511G0,https://lmspiq.fda.gov.tw/web/DRPIQ/DRPIQ1000Result?licId=01020451
AC20604100,https://lmspiq.fda.gov.tw/web/DRPIQ/DRPIQ1000Result?licId=01020604
AC20871100,https://lmspiq.fda.gov.tw/web/DRPIQ/DRPIQ1000Result?licId=01020871
AC208711G0,https://lmspiq.fda.gov.tw/web/DRPIQ/DRPIQ1000Result?licId=01020871
AC20894100,https://lmspiq.fda.gov.tw/web/DRPIQ/DRPIQ1000Result?licId=01020894
AC208941G0,https://lmspiq.fda.gov.tw/web/DRPIQ/DRPIQ1000Result?licId=01020894
AC20931100,https://lmspiq.fda.gov.tw/web/DRPIQ/DRPIQ1000Result?licId=01020931
AC21603100,https://lmspiq.fda.gov.tw/web/DRPIQ/DRPIQ1000Result?licId=01021603
AC21709221,https://lmspiq.fda.gov.tw/web/DRPIQ/DRPIQ1000Result?licId=01021709
AC21709238,https://lmspiq.fda.gov.tw/web/DRPIQ/DRPIQ1000Result?licId=01021709
AC21841100,https://lmspiq.fda.gov.tw/web/DRPIQ/DRPIQ1000Result?licId=01021841
AC22049209,https://lmspiq.fda.gov.tw/web/DRPIQ/DRPIQ1000Result?licId=01022049
AC22198421,https://lmspiq.fda.gov.tw/web/DRPIQ/DRPIQ1000Result?licId=01022198
AC22572100,https://lmspiq.fda.gov.tw/web/DRPIQ/DRPIQ1000Result?licId=01022572
AC225721G0,https://lmspiq.fda.gov.tw/web/DRPIQ/DRPIQ1000Result?licId=01022572
AC22588209,https://lmspiq.fda.gov.tw/web/DRPIQ/DRPIQ1000Result?licId=01022588
AC22656100,https://lmspiq.fda.gov.tw/web/DRPIQ/DRPIQ1000Result?licId=01022656
AC23041100,https://lmspiq.fda.gov.tw/web/DRPIQ/DRPIQ1000Result?licId=01023041
AC23156221,https://lmspiq.fda.gov.tw/web/DRPIQ/DRPIQ1000Result?licId=01023156
AC23220100,https://lmspiq.fda.gov.tw/web/DRPIQ/DRPIQ1000Result?licId=01023220
AC23230221,https://lmspiq.fda.gov.tw/web/DRPIQ/DRPIQ1000Result?licId=01023230
AC23381100,https://lmspiq.fda.gov.tw/web/DRPIQ/DRPIQ1000Result?licId=01023381
AC23648100,https://lmspiq.fda.gov.tw/web/DRPIQ/DRPIQ1000Result?licId=01023648
AC236481G0,https://lmspiq.fda.gov.tw/web/DRPIQ/DRPIQ1000Result?licId=01023648
AC23775100,https://lmspiq.fda.gov.tw/web/DRPIQ/DRPIQ1000Result?licId=01023775
AC23845100,https://lmspiq.fda.gov.tw/web/DRPIQ/DRPIQ1000Result?licId=01023845
AC24014221,https://lmspiq.fda.gov.tw/web/DRPIQ/DRPIQ1000Result?licId=01024014
AC24014229,https://lmspiq.fda.gov.tw/web/DRPIQ/DRPIQ1000Result?licId=01024014
AC24014238,https://lmspiq.fda.gov.tw/web/DRPIQ/DRPIQ1000Result?licId=01024014
AC24076100,https://lmspiq.fda.gov.tw/web/DRPIQ/DRPIQ1000Result?licId=01024076
AC24085100,https://lmspiq.fda.gov.tw/web/DRPIQ/DRPIQ1000Result?licId=01024085
AC24104100,https://lmspiq.fda.gov.tw/web/DRPIQ/DRPIQ1000Result?licId=01024104
AC24282100,https://lmspiq.fda.gov.tw/web/DRPIQ/DRPIQ1000Result?licId=01024282
AC24319221,https://lmspiq.fda.gov.tw/web/DRPIQ/DRPIQ1000Result?licId=01024319
AC24350100,https://lmspiq.fda.gov.tw/web/DRPIQ/DRPIQ1000Result?licId=01024350
AC24536100,https://lmspiq.fda.gov.tw/web/DRPIQ/DRPIQ1000Result?licId=01024536
AC24597100,https://lmspiq.fda.gov.tw/web/DRPIQ/DRPIQ1000Result?licId=01024597
AC24754100,https://lmspiq.fda.gov.tw/web/DRPIQ/DRPIQ1000Result?licId=01024754
AC25025100,https://lmspiq.fda.gov.tw/web/DRPIQ/DRPIQ1000Result?licId=01025025
AC25128417,https://lmspiq.fda.gov.tw/web/DRPIQ/DRPIQ1000Result?licId=01025128
AC25128421,https://lmspiq.fda.gov.tw/web/DRPIQ/DRPIQ1000Result?licId=01025128
AC25191100,https://lmspiq.fda.gov.tw/web/DRPIQ/DRPIQ1000Result?licId=01025191
AC25316100,https://lmspiq.fda.gov.tw/web/DRPIQ/DRPIQ1000Result?licId=01025316
AC253161G0,https://lmspiq.fda.gov.tw/web/DRPIQ/DRPIQ1000Result?licId=01025316
AC25460100,https://lmspiq.fda.gov.tw/web/DRPIQ/DRPIQ1000Result?licId=01025460
AC25629100,https://lmspiq.fda.gov.tw/web/DRPIQ/DRPIQ1000Result?licId=01025629
AC25716100,https://lmspiq.fda.gov.tw/web/DRPIQ/DRPIQ1000Result?licId=01025716
AC25842100,https://lmspiq.fda.gov.tw/web/DRPIQ/DRPIQ1000Result?licId=01025842
AC25918212,https://lmspiq.fda.gov.tw/web/DRPIQ/DRPIQ1000Result?licId=01025918
AC26021214,https://lmspiq.fda.gov.tw/web/DRPIQ/DRPIQ1000Result?licId=01026021
AC26021221,https://lmspiq.fda.gov.tw/web/DRPIQ/DRPIQ1000Result?licId=01026021
AC26026100,https://lmspiq.fda.gov.tw/web/DRPIQ/DRPIQ1000Result?licId=01026026
AC26093100,https://lmspiq.fda.gov.tw/web/DRPIQ/DRPIQ1000Result?licId=01026093
AC26173212,https://lmspiq.fda.gov.tw/web/DRPIQ/DRPIQ1000Result?licId=01026173
AC26173221,https://lmspiq.fda.gov.tw/web/DRPIQ/DRPIQ1000Result?licId=01026173
AC26303100,https://lmspiq.fda.gov.tw/web/DRPIQ/DRPIQ1000Result?licId=01026303
AC263031G0,https://lmspiq.fda.gov.tw/web/DRPIQ/DRPIQ1000Result?licId=01026303
AC26330100,https://lmspiq.fda.gov.tw/web/DRPIQ/DRPIQ1000Result?licId=01026330
AC263301G0,https://lmspiq.fda.gov.tw/web/DRPIQ/DRPIQ1000Result?licId=01026330
AC26445209,https://lmspiq.fda.gov.tw/web/DRPIQ/DRPIQ1000Result?licId=01026445
AC26872100,https://lmspiq.fda.gov.tw/web/DRPIQ/DRPIQ1000Result?licId=01026872
AC26975100,https://lmspiq.fda.gov.tw/web/DRPIQ/DRPIQ1000Result?licId=01026975
AC269751G0,https://lmspiq.fda.gov.tw/web/DRPIQ/DRPIQ1000Result?licId=01026975
AC27044100,https://lmspiq.fda.gov.tw/web/DRPIQ/DRPIQ1000Result?licId=01027044
AC27163100,https://lmspiq.fda.gov.tw/web/DRPIQ/DRPIQ1000Result?licId=01027163
AC27356221,https://lmspiq.fda.gov.tw/web/DRPIQ/DRPIQ1000Result?licId=01027356
AC27557500,https://lmspiq.fda.gov.tw/web/DRPIQ/DRPIQ1000Result?licId=01027557
AC28518209,https://lmspiq.fda.gov.tw/web/DRPIQ/DRPIQ1000Result?licId=01028518
AC29726500,https://lmspiq.fda.gov.tw/web/DRPIQ/DRPIQ1000Result?licId=01029726
AC30319100,https://lmspiq.fda.gov.tw/web/DRPIQ/DRPIQ1000Result?licId=01030319
AC30452100,https://lmspiq.fda.gov.tw/web/DRPIQ/DRPIQ1000Result?licId=01030452
AC304521G0,https://lmspiq.fda.gov.tw/web/DRPIQ/DRPIQ1000Result?licId=01030452
AC308941G0,https://lmspiq.fda.gov.tw/web/DRPIQ/DRPIQ1000Result?licId=01030894
AC31006100,https://lmspiq.fda.gov.tw/web/DRPIQ/DRPIQ1000Result?licId=01031006
AC31036155,https://lmspiq.fda.gov.tw/web/DRPIQ/DRPIQ1000Result?licId=01031036
AC31219100,https://lmspiq.fda.gov.tw/web/DRPIQ/DRPIQ1000Result?licId=01031219
AC31953100,https://lmspiq.fda.gov.tw/web/DRPIQ/DRPIQ1000Result?licId=01031953
AC32054100,https://lmspiq.fda.gov.tw/web/DRPIQ/DRPIQ1000Result?licId=01032054
AC32275100,https://lmspiq.fda.gov.tw/web/DRPIQ/DRPIQ1000Result?licId=01032275
AC322751G0,https://lmspiq.fda.gov.tw/web/DRPIQ/DRPIQ1000Result?licId=01032275
AC32282421,https://lmspiq.fda.gov.tw/web/DRPIQ/DRPIQ1000Result?licId=01032282
AC32282429,https://lmspiq.fda.gov.tw/web/DRPIQ/DRPIQ1000Result?licId=01032282
AC32579100,https://lmspiq.fda.gov.tw/web/DRPIQ/DRPIQ1000Result?licId=01032579
AC32706100,https://lmspiq.fda.gov.tw/web/DRPIQ/DRPIQ1000Result?licId=01032706
AC32711100,https://lmspiq.fda.gov.tw/web/DRPIQ/DRPIQ1000Result?licId=01032711
AC33260221,https://lmspiq.fda.gov.tw/web/DRPIQ/DRPIQ1000Result?licId=01033260
AC33260229,https://lmspiq.fda.gov.tw/web/DRPIQ/DRPIQ1000Result?licId=01033260
AC33471100,https://lmspiq.fda.gov.tw/web/DRPIQ/DRPIQ1000Result?licId=01033471
AC33566209,https://lmspiq.fda.gov.tw/web/DRPIQ/DRPIQ1000Result?licId=01033566
AC33593221,https://lmspiq.fda.gov.tw/web/DRPIQ/DRPIQ1000Result?licId=01033593
AC33876221,https://lmspiq.fda.gov.tw/web/DRPIQ/DRPIQ1000Result?licId=01033876
AC33892100,https://lmspiq.fda.gov.tw/web/DRPIQ/DRPIQ1000Result?licId=01033892
AC33900100,https://lmspiq.fda.gov.tw/web/DRPIQ/DRPIQ1000Result?licId=01033900
AC33910100,https://lmspiq.fda.gov.tw/web/DRPIQ/DRPIQ1000Result?licId=01033910
AC33915100,https://lmspiq.fda.gov.tw/web/DRPIQ/DRPIQ1000Result?licId=01033915
AC33920209,https://lmspiq.fda.gov.tw/web/DRPIQ/DRPIQ1000Result?licId=01033920
AC33968417,https://lmspiq.fda.gov.tw/web/DRPIQ/DRPIQ1000Result?licId=01033968
AC34070421,https://lmspiq.fda.gov.tw/web/DRPIQ/DRPIQ1000Result?licId=01034070
AC34585500,https://lmspiq.fda.gov.tw/web/DRPIQ/DRPIQ1000Result?licId=01034585
AC34598100,https://lmspiq.fda.gov.tw/web/DRPIQ/DRPIQ1000Result?licId=01034598
AC345981G0,https://lmspiq.fda.gov.tw/web/DRPIQ/DRPIQ1000Result?licId=01034598
AC34660345,https://lmspiq.fda.gov.tw/web/DRPIQ/DRPIQ1000Result?licId=01034660
AC34880100,https://lmspiq.fda.gov.tw/web/DRPIQ/DRPIQ1000Result?licId=01034880
AC348801G0,https://lmspiq.fda.gov.tw/web/DRPIQ/DRPIQ1000Result?licId=01034880
AC34900100,https://lmspiq.fda.gov.tw/web/DRPIQ/DRPIQ1000Result?licId=01034900
AC34901100,https://lmspiq.fda.gov.tw/web/DRPIQ/DRPIQ1000Result?licId=01034901
AC34904139,https://lmspiq.fda.gov.tw/web/DRPIQ/DRPIQ1000Result?licId=01034904
AC35355100,https://lmspiq.fda.gov.tw/web/DRPIQ/DRPIQ1000Result?licId=01035355
AC35477100,https://lmspiq.fda.gov.tw/web/DRPIQ/DRPIQ1000Result?licId=01035477
AC354771G0,https://lmspiq.fda.gov.tw/web/DRPIQ/DRPIQ1000Result?licId=01035477
AC35692100,https://lmspiq.fda.gov.tw/web/DRPIQ/DRPIQ1000Result?licId=01035692
AC356921G0,https://lmspiq.fda.gov.tw/web/DRPIQ/DRPIQ1000Result?licId=01035692
AC35836100,https://lmspiq.fda.gov.tw/web/DRPIQ/DRPIQ1000Result?licId=01035836
AC35868100,https://lmspiq.fda.gov.tw/web/DRPIQ/DRPIQ1000Result?licId=01035868
AC36008100,https://lmspiq.fda.gov.tw/web/DRPIQ/DRPIQ1000Result?licId=01036008
AC36098100,https://lmspiq.fda.gov.tw/web/DRPIQ/DRPIQ1000Result?licId=01036098
AC36132100,https://lmspiq.fda.gov.tw/web/DRPIQ/DRPIQ1000Result?licId=01036132
AC36266100,https://lmspiq.fda.gov.tw/web/DRPIQ/DRPIQ1000Result?licId=01036266
AC36281100,https://lmspiq.fda.gov.tw/web/DRPIQ/DRPIQ1000Result?licId=01036281
AC36402209,https://lmspiq.fda.gov.tw/web/DRPIQ/DRPIQ1000Result?licId=01036402
AC36576477,https://lmspiq.fda.gov.tw/web/DRPIQ/DRPIQ1000Result?licId=01036576
AC36667100,https://lmspiq.fda.gov.tw/web/DRPIQ/DRPIQ1000Result?licId=01036667
AC36815100,https://lmspiq.fda.gov.tw/web/DRPIQ/DRPIQ1000Result?licId=01036815
AC36940100,https://lmspiq.fda.gov.tw/web/DRPIQ/DRPIQ1000Result?licId=01036940
AC36944100,https://lmspiq.fda.gov.tw/web/DRPIQ/DRPIQ1000Result?licId=01036944
AC369441G0,https://lmspiq.fda.gov.tw/web/DRPIQ/DRPIQ1000Result?licId=01036944
AC37204100,https://lmspiq.fda.gov.tw/web/DRPIQ/DRPIQ1000Result?licId=01037204
AC37441100,https://lmspiq.fda.gov.tw/web/DRPIQ/DRPIQ1000Result?licId=01037441
AC374411G0,https://lmspiq.fda.gov.tw/web/DRPIQ/DRPIQ1000Result?licId=01037441
AC37557100,https://lmspiq.fda.gov.tw/web/DRPIQ/DRPIQ1000Result?licId=01037557
AC37652100,https://lmspiq.fda.gov.tw/web/DRPIQ/DRPIQ1000Result?licId=01037652
AC37691345,https://lmspiq.fda.gov.tw/web/DRPIQ/DRPIQ1000Result?licId=01037691
AC37712100,https://lmspiq.fda.gov.tw/web/DRPIQ/DRPIQ1000Result?licId=01037712
AC377121G0,https://lmspiq.fda.gov.tw/web/DRPIQ/DRPIQ1000Result?licId=01037712
AC37720100,https://lmspiq.fda.gov.tw/web/DRPIQ/DRPIQ1000Result?licId=01037720
AC377201G0,https://lmspiq.fda.gov.tw/web/DRPIQ/DRPIQ1000Result?licId=01037720
AC37833100,https://lmspiq.fda.gov.tw/web/DRPIQ/DRPIQ1000Result?licId=01037833
AC37835100,https://lmspiq.fda.gov.tw/web/DRPIQ/DRPIQ1000Result?licId=01037835
AC37909329,https://lmspiq.fda.gov.tw/web/DRPIQ/DRPIQ1000Result?licId=01037909
AC37909338,https://lmspiq.fda.gov.tw/web/DRPIQ/DRPIQ1000Result?licId=01037909
AC37909345,https://lmspiq.fda.gov.tw/web/DRPIQ/DRPIQ1000Result?licId=01037909
AC37995209,https://lmspiq.fda.gov.tw/web/DRPIQ/DRPIQ1000Result?licId=01037995
AC37995221,https://lmspiq.fda.gov.tw/web/DRPIQ/DRPIQ1000Result?licId=01037995
AC38023100,https://lmspiq.fda.gov.tw/web/DRPIQ/DRPIQ1000Result?licId=01038023
AC380231G0,https://lmspiq.fda.gov.tw/web/DRPIQ/DRPIQ1000Result?licId=01038023
AC38168100,https://lmspiq.fda.gov.tw/web/DRPIQ/DRPIQ1000Result?licId=01038168
AC38204100,https://lmspiq.fda.gov.tw/web/DRPIQ/DRPIQ1000Result?licId=01038204
AC382041G0,https://lmspiq.fda.gov.tw/web/DRPIQ/DRPIQ1000Result?licId=01038204
AC38229263,https://lmspiq.fda.gov.tw/web/DRPIQ/DRPIQ1000Result?licId=01038229
AC38317209,https://lmspiq.fda.gov.tw/web/DRPIQ/DRPIQ1000Result?licId=01038317
AC38465100,https://lmspiq.fda.gov.tw/web/DRPIQ/DRPIQ1000Result?licId=01038465
AC384651G0,https://lmspiq.fda.gov.tw/web/DRPIQ/DRPIQ1000Result?licId=01038465
AC38474100,https://lmspiq.fda.gov.tw/web/DRPIQ/DRPIQ1000Result?licId=01038474
AC38493100,https://lmspiq.fda.gov.tw/web/DRPIQ/DRPIQ1000Result?licId=01038493
AC38650100,https://lmspiq.fda.gov.tw/web/DRPIQ/DRPIQ1000Result?licId=01038650
AC386501G0,https://lmspiq.fda.gov.tw/web/DRPIQ/DRPIQ1000Result?licId=01038650
AC38761100,https://lmspiq.fda.gov.tw/web/DRPIQ/DRPIQ1000Result?licId=01038761
AC38846100,https://lmspiq.fda.gov.tw/web/DRPIQ/DRPIQ1000Result?licId=01038846
AC388461G0,https://lmspiq.fda.gov.tw/web/DRPIQ/DRPIQ1000Result?licId=01038846
AC38946100,https://lmspiq.fda.gov.tw/web/DRPIQ/DRPIQ1000Result?licId=01038946
AC389461G0,https://lmspiq.fda.gov.tw/web/DRPIQ/DRPIQ1000Result?licId=01038946
AC39220100,https://lmspiq.fda.gov.tw/web/DRPIQ/DRPIQ1000Result?licId=01039220
AC39307100,https://lmspiq.fda.gov.tw/web/DRPIQ/DRPIQ1000Result?licId=01039307
AC39388100,https://lmspiq.fda.gov.tw/web/DRPIQ/DRPIQ1000Result?licId=01039388
AC393881G0,https://lmspiq.fda.gov.tw/web/DRPIQ/DRPIQ1000Result?licId=01039388
AC39396100,https://lmspiq.fda.gov.tw/web/DRPIQ/DRPIQ1000Result?licId=01039396
AC39401100,https://lmspiq.fda.gov.tw/web/DRPIQ/DRPIQ1000Result?licId=01039401
AC394011G0,https://lmspiq.fda.gov.tw/web/DRPIQ/DRPIQ1000Result?licId=01039401
AC39403100,https://lmspiq.fda.gov.tw/web/DRPIQ/DRPIQ1000Result?licId=01039403
AC39414100,https://lmspiq.fda.gov.tw/web/DRPIQ/DRPIQ1000Result?licId=01039414
AC394141G0,https://lmspiq.fda.gov.tw/web/DRPIQ/DRPIQ1000Result?licId=01039414
AC39429329,https://lmspiq.fda.gov.tw/web/DRPIQ/DRPIQ1000Result?licId=01039429
AC39429338,https://lmspiq.fda.gov.tw/web/DRPIQ/DRPIQ1000Result?licId=01039429
AC39429343,https://lmspiq.fda.gov.tw/web/DRPIQ/DRPIQ1000Result?licId=01039429
AC39429345,https://lmspiq.fda.gov.tw/web/DRPIQ/DRPIQ1000Result?licId=01039429
AC394293AK,https://lmspiq.fda.gov.tw/web/DRPIQ/DRPIQ1000Result?licId=01039429
AC39519100,https://lmspiq.fda.gov.tw/web/DRPIQ/DRPIQ1000Result?licId=01039519
AC395191G0,https://lmspiq.fda.gov.tw/web/DRPIQ/DRPIQ1000Result?licId=01039519
AC39566100,https://lmspiq.fda.gov.tw/web/DRPIQ/DRPIQ1000Result?licId=01039566
AC395661G0,https://lmspiq.fda.gov.tw/web/DRPIQ/DRPIQ1000Result?licId=01039566
AC39584100,https://lmspiq.fda.gov.tw/web/DRPIQ/DRPIQ1000Result?licId=01039584
AC395841G0,https://lmspiq.fda.gov.tw/web/DRPIQ/DRPIQ1000Result?licId=01039584
AC39597100,https://lmspiq.fda.gov.tw/web/DRPIQ/DRPIQ1000Result?licId=01039597
AC395971G0,https://lmspiq.fda.gov.tw/web/DRPIQ/DRPIQ1000Result?licId=01039597
AC39600100,https://lmspiq.fda.gov.tw/web/DRPIQ/DRPIQ1000Result?licId=01039600
AC39812329,https://lmspiq.fda.gov.tw/web/DRPIQ/DRPIQ1000Result?licId=01039812
AC39812338,https://lmspiq.fda.gov.tw/web/DRPIQ/DRPIQ1000Result?licId=01039812
AC39812345,https://lmspiq.fda.gov.tw/web/DRPIQ/DRPIQ1000Result?licId=01039812
AC39944219,https://lmspiq.fda.gov.tw/web/DRPIQ/DRPIQ1000Result?licId=01039944
AC39974100,https://lmspiq.fda.gov.tw/web/DRPIQ/DRPIQ1000Result?licId=01039974
AC399741G0,https://lmspiq.fda.gov.tw/web/DRPIQ/DRPIQ1000Result?licId=01039974
AC40106100,https://lmspiq.fda.gov.tw/web/DRPIQ/DRPIQ1000Result?licId=01040106
AC401061G0,https://lmspiq.fda.gov.tw/web/DRPIQ/DRPIQ1000Result?licId=01040106
AC40294100,https://lmspiq.fda.gov.tw/web/DRPIQ/DRPIQ1000Result?licId=01040294
AC40358345,https://lmspiq.fda.gov.tw/web/DRPIQ/DRPIQ1000Result?licId=01040358
AC40544100,https://lmspiq.fda.gov.tw/web/DRPIQ/DRPIQ1000Result?licId=01040544
AC40573100,https://lmspiq.fda.gov.tw/web/DRPIQ/DRPIQ1000Result?licId=01040573
AC40649100,https://lmspiq.fda.gov.tw/web/DRPIQ/DRPIQ1000Result?licId=01040649
AC406491G0,https://lmspiq.fda.gov.tw/web/DRPIQ/DRPIQ1000Result?licId=01040649
AC40767343,https://lmspiq.fda.gov.tw/web/DRPIQ/DRPIQ1000Result?licId=01040767
AC40767345,https://lmspiq.fda.gov.tw/web/DRPIQ/DRPIQ1000Result?licId=01040767
AC40977100,https://lmspiq.fda.gov.tw/web/DRPIQ/DRPIQ1000Result?licId=01040977
AC409771G0,https://lmspiq.fda.gov.tw/web/DRPIQ/DRPIQ1000Result?licId=01040977
AC41019100,https://lmspiq.fda.gov.tw/web/DRPIQ/DRPIQ1000Result?licId=01041019
AC410191G0,https://lmspiq.fda.gov.tw/web/DRPIQ/DRPIQ1000Result?licId=01041019
AC41021100,https://lmspiq.fda.gov.tw/web/DRPIQ/DRPIQ1000Result?licId=01041021
AC410211G0,https://lmspiq.fda.gov.tw/web/DRPIQ/DRPIQ1000Result?licId=01041021
AC41024100,https://lmspiq.fda.gov.tw/web/DRPIQ/DRPIQ1000Result?licId=01041024
AC41069100,https://lmspiq.fda.gov.tw/web/DRPIQ/DRPIQ1000Result?licId=01041069
AC410691G0,https://lmspiq.fda.gov.tw/web/DRPIQ/DRPIQ1000Result?licId=01041069
AC41270100,https://lmspiq.fda.gov.tw/web/DRPIQ/DRPIQ1000Result?licId=01041270
AC412701G0,https://lmspiq.fda.gov.tw/web/DRPIQ/DRPIQ1000Result?licId=01041270
AC41430100,https://lmspiq.fda.gov.tw/web/DRPIQ/DRPIQ1000Result?licId=01041430
AC41514321,https://lmspiq.fda.gov.tw/web/DRPIQ/DRPIQ1000Result?licId=01041514
AC41514329,https://lmspiq.fda.gov.tw/web/DRPIQ/DRPIQ1000Result?licId=01041514
AC41514338,https://lmspiq.fda.gov.tw/web/DRPIQ/DRPIQ1000Result?licId=01041514
AC41514343,https://lmspiq.fda.gov.tw/web/DRPIQ/DRPIQ1000Result?licId=01041514
AC41514345,https://lmspiq.fda.gov.tw/web/DRPIQ/DRPIQ1000Result?licId=01041514
AC41536100,https://lmspiq.fda.gov.tw/web/DRPIQ/DRPIQ1000Result?licId=01041536
AC41547100,https://lmspiq.fda.gov.tw/web/DRPIQ/DRPIQ1000Result?licId=01041547
AC41558335,https://lmspiq.fda.gov.tw/web/DRPIQ/DRPIQ1000Result?licId=01041558
AC41558345,https://lmspiq.fda.gov.tw/web/DRPIQ/DRPIQ1000Result?licId=01041558
AC41838100,https://lmspiq.fda.gov.tw/web/DRPIQ/DRPIQ1000Result?licId=01041838
AC418381G0,https://lmspiq.fda.gov.tw/web/DRPIQ/DRPIQ1000Result?licId=01041838
AC41919100,https://lmspiq.fda.gov.tw/web/DRPIQ/DRPIQ1000Result?licId=01041919
AC42210100,https://lmspiq.fda.gov.tw/web/DRPIQ/DRPIQ1000Result?licId=01042210
AC422101G0,https://lmspiq.fda.gov.tw/web/DRPIQ/DRPIQ1000Result?licId=01042210
AC42362329,https://lmspiq.fda.gov.tw/web/DRPIQ/DRPIQ1000Result?licId=01042362
AC42362345,https://lmspiq.fda.gov.tw/web/DRPIQ/DRPIQ1000Result?licId=01042362
AC42534100,https://lmspiq.fda.gov.tw/web/DRPIQ/DRPIQ1000Result?licId=01042534
AC42539100,https://lmspiq.fda.gov.tw/web/DRPIQ/DRPIQ1000Result?licId=01042539
AC42584100,https://lmspiq.fda.gov.tw/web/DRPIQ/DRPIQ1000Result?licId=01042584
AC425841G0,https://lmspiq.fda.gov.tw/web/DRPIQ/DRPIQ1000Result?licId=01042584
AC42623277,https://lmspiq.fda.gov.tw/web/DRPIQ/DRPIQ1000Result?licId=01042623
AC42742345,https://lmspiq.fda.gov.tw/web/DRPIQ/DRPIQ1000Result?licId=01042742
AC42764335,https://lmspiq.fda.gov.tw/web/DRPIQ/DRPIQ1000Result?licId=01042764
AC42764343,https://lmspiq.fda.gov.tw/web/DRPIQ/DRPIQ1000Result?licId=01042764
AC42764345,https://lmspiq.fda.gov.tw/web/DRPIQ/DRPIQ1000Result?licId=01042764
AC42766100,https://lmspiq.fda.gov.tw/web/DRPIQ/DRPIQ1000Result?licId=01042766
AC42823421,https://lmspiq.fda.gov.tw/web/DRPIQ/DRPIQ1000Result?licId=01042823
AC42824100,https://lmspiq.fda.gov.tw/web/DRPIQ/DRPIQ1000Result?licId=01042824
AC42944100,https://lmspiq.fda.gov.tw/web/DRPIQ/DRPIQ1000Result?licId=01042944
AC43046100,https://lmspiq.fda.gov.tw/web/DRPIQ/DRPIQ1000Result?licId=01043046
AC43074100,https://lmspiq.fda.gov.tw/web/DRPIQ/DRPIQ1000Result?licId=01043074
AC430741G0,https://lmspiq.fda.gov.tw/web/DRPIQ/DRPIQ1000Result?licId=01043074
AC43116345,https://lmspiq.fda.gov.tw/web/DRPIQ/DRPIQ1000Result?licId=01043116
AC43180345,https://lmspiq.fda.gov.tw/web/DRPIQ/DRPIQ1000Result?licId=01043180
AC43210100,https://lmspiq.fda.gov.tw/web/DRPIQ/DRPIQ1000Result?licId=01043210
AC43214345,https://lmspiq.fda.gov.tw/web/DRPIQ/DRPIQ1000Result?licId=01043214
AC43330100,https://lmspiq.fda.gov.tw/web/DRPIQ/DRPIQ1000Result?licId=01043330
AC43366100,https://lmspiq.fda.gov.tw/web/DRPIQ/DRPIQ1000Result?licId=01043366
AC433661G0,https://lmspiq.fda.gov.tw/web/DRPIQ/DRPIQ1000Result?licId=01043366
AC43397100,https://lmspiq.fda.gov.tw/web/DRPIQ/DRPIQ1000Result?licId=01043397
AC43493345,https://lmspiq.fda.gov.tw/web/DRPIQ/DRPIQ1000Result?licId=01043493
AC43573100,https://lmspiq.fda.gov.tw/web/DRPIQ/DRPIQ1000Result?licId=01043573
AC43729100,https://lmspiq.fda.gov.tw/web/DRPIQ/DRPIQ1000Result?licId=01043729
AC43764421,https://lmspiq.fda.gov.tw/web/DRPIQ/DRPIQ1000Result?licId=01043764
AC43764429,https://lmspiq.fda.gov.tw/web/DRPIQ/DRPIQ1000Result?licId=01043764
AC43862100,https://lmspiq.fda.gov.tw/web/DRPIQ/DRPIQ1000Result?licId=01043862
AC43924338,https://lmspiq.fda.gov.tw/web/DRPIQ/DRPIQ1000Result?licId=01043924
AC43924345,https://lmspiq.fda.gov.tw/web/DRPIQ/DRPIQ1000Result?licId=01043924
AC43941100,https://lmspiq.fda.gov.tw/web/DRPIQ/DRPIQ1000Result?licId=01043941
AC43950100,https://lmspiq.fda.gov.tw/web/DRPIQ/DRPIQ1000Result?licId=01043950
AC43951100,https://lmspiq.fda.gov.tw/web/DRPIQ/DRPIQ1000Result?licId=01043951
AC44031100,https://lmspiq.fda.gov.tw/web/DRPIQ/DRPIQ1000Result?licId=01044031
AC440311G0,https://lmspiq.fda.gov.tw/web/DRPIQ/DRPIQ1000Result?licId=01044031
AC44065321,https://lmspiq.fda.gov.tw/web/DRPIQ/DRPIQ1000Result?licId=01044065
AC44065338,https://lmspiq.fda.gov.tw/web/DRPIQ/DRPIQ1000Result?licId=01044065
AC44065345,https://lmspiq.fda.gov.tw/web/DRPIQ/DRPIQ1000Result?licId=01044065
AC44093209,https://lmspiq.fda.gov.tw/web/DRPIQ/DRPIQ1000Result?licId=01044093
AC44127100,https://lmspiq.fda.gov.tw/web/DRPIQ/DRPIQ1000Result?licId=01044127
AC44161100,https://lmspiq.fda.gov.tw/web/DRPIQ/DRPIQ1000Result?licId=01044161
AC441611G0,https://lmspiq.fda.gov.tw/web/DRPIQ/DRPIQ1000Result?licId=01044161
AC44164421,https://lmspiq.fda.gov.tw/web/DRPIQ/DRPIQ1000Result?licId=01044164
AC44165100,https://lmspiq.fda.gov.tw/web/DRPIQ/DRPIQ1000Result?licId=01044165
AC441651G0,https://lmspiq.fda.gov.tw/web/DRPIQ/DRPIQ1000Result?licId=01044165
AC44187209,https://lmspiq.fda.gov.tw/web/DRPIQ/DRPIQ1000Result?licId=01044187
AC44208421,https://lmspiq.fda.gov.tw/web/DRPIQ/DRPIQ1000Result?licId=01044208
AC44212100,https://lmspiq.fda.gov.tw/web/DRPIQ/DRPIQ1000Result?licId=01044212
AC44300100,https://lmspiq.fda.gov.tw/web/DRPIQ/DRPIQ1000Result?licId=01044300
AC443151G0,https://lmspiq.fda.gov.tw/web/DRPIQ/DRPIQ1000Result?licId=01044315
AC44338100,https://lmspiq.fda.gov.tw/web/DRPIQ/DRPIQ1000Result?licId=01044338
AC443381G0,https://lmspiq.fda.gov.tw/web/DRPIQ/DRPIQ1000Result?licId=01044338
AC44420100,https://lmspiq.fda.gov.tw/web/DRPIQ/DRPIQ1000Result?licId=01044420
AC444201G0,https://lmspiq.fda.gov.tw/web/DRPIQ/DRPIQ1000Result?licId=01044420
AC444201G2,https://lmspiq.fda.gov.tw/web/DRPIQ/DRPIQ1000Result?licId=01044420
AC44477100,https://lmspiq.fda.gov.tw/web/DRPIQ/DRPIQ1000Result?licId=01044477
AC44480100,https://lmspiq.fda.gov.tw/web/DRPIQ/DRPIQ1000Result?licId=01044480
AC444801G0,https://lmspiq.fda.gov.tw/web/DRPIQ/DRPIQ1000Result?licId=01044480
AC44483421,https://lmspiq.fda.gov.tw/web/DRPIQ/DRPIQ1000Result?licId=01044483
AC44483429,https://lmspiq.fda.gov.tw/web/DRPIQ/DRPIQ1000Result?licId=01044483
AC448101G0,https://lmspiq.fda.gov.tw/web/DRPIQ/DRPIQ1000Result?licId=01044810
AC44878100,https://lmspiq.fda.gov.tw/web/DRPIQ/DRPIQ1000Result?licId=01044878
AC44998100,https://lmspiq.fda.gov.tw/web/DRPIQ/DRPIQ1000Result?licId=01044998
AC45154221,https://lmspiq.fda.gov.tw/web/DRPIQ/DRPIQ1000Result?licId=01045154
AC45172100,https://lmspiq.fda.gov.tw/web/DRPIQ/DRPIQ1000Result?licId=01045172
AC451721G0,https://lmspiq.fda.gov.tw/web/DRPIQ/DRPIQ1000Result?licId=01045172
AC45247100,https://lmspiq.fda.gov.tw/web/DRPIQ/DRPIQ1000Result?licId=01045247
AC452471G0,https://lmspiq.fda.gov.tw/web/DRPIQ/DRPIQ1000Result?licId=01045247
AC45254100,https://lmspiq.fda.gov.tw/web/DRPIQ/DRPIQ1000Result?licId=01045254
AC452541G0,https://lmspiq.fda.gov.tw/web/DRPIQ/DRPIQ1000Result?licId=01045254
AC45293421,https://lmspiq.fda.gov.tw/web/DRPIQ/DRPIQ1000Result?licId=01045293
AC45307421,https://lmspiq.fda.gov.tw/web/DRPIQ/DRPIQ1000Result?licId=01045307
AC45307429,https://lmspiq.fda.gov.tw/web/DRPIQ/DRPIQ1000Result?licId=01045307
AC45357345,https://lmspiq.fda.gov.tw/web/DRPIQ/DRPIQ1000Result?licId=01045357
AC453573AK,https://lmspiq.fda.gov.tw/web/DRPIQ/DRPIQ1000Result?licId=01045357
AC45599345,https://lmspiq.fda.gov.tw/web/DRPIQ/DRPIQ1000Result?licId=01045599
AC45956100,https://lmspiq.fda.gov.tw/web/DRPIQ/DRPIQ1000Result?licId=01045956
AC45975100,https://lmspiq.fda.gov.tw/web/DRPIQ/DRPIQ1000Result?licId=01045975
AC459751G0,https://lmspiq.fda.gov.tw/web/DRPIQ/DRPIQ1000Result?licId=01045975
AC46028100,https://lmspiq.fda.gov.tw/web/DRPIQ/DRPIQ1000Result?licId=01046028
AC460281G0,https://lmspiq.fda.gov.tw/web/DRPIQ/DRPIQ1000Result?licId=01046028
AC46067100,https://lmspiq.fda.gov.tw/web/DRPIQ/DRPIQ1000Result?licId=01046067
AC46069417,https://lmspiq.fda.gov.tw/web/DRPIQ/DRPIQ1000Result?licId=01046069
AC46069421,https://lmspiq.fda.gov.tw/web/DRPIQ/DRPIQ1000Result?licId=01046069
AC46118100,https://lmspiq.fda.gov.tw/web/DRPIQ/DRPIQ1000Result?licId=01046118
AC46199100,https://lmspiq.fda.gov.tw/web/DRPIQ/DRPIQ1000Result?licId=01046199
AC46236100,https://lmspiq.fda.gov.tw/web/DRPIQ/DRPIQ1000Result?licId=01046236
AC46258500,https://lmspiq.fda.gov.tw/web/DRPIQ/DRPIQ1000Result?licId=01046258
AC46402100,https://lmspiq.fda.gov.tw/web/DRPIQ/DRPIQ1000Result?licId=01046402
AC46451345,https://lmspiq.fda.gov.tw/web/DRPIQ/DRPIQ1000Result?licId=01046451
AC46459345,https://lmspiq.fda.gov.tw/web/DRPIQ/DRPIQ1000Result?licId=01046459
AC46867100,https://lmspiq.fda.gov.tw/web/DRPIQ/DRPIQ1000Result?licId=01046867
AC46995100,https://lmspiq.fda.gov.tw/web/DRPIQ/DRPIQ1000Result?licId=01046995
AC47002100,https://lmspiq.fda.gov.tw/web/DRPIQ/DRPIQ1000Result?licId=01047002
AC47044100,https://lmspiq.fda.gov.tw/web/DRPIQ/DRPIQ1000Result?licId=01047044
AC470441G0,https://lmspiq.fda.gov.tw/web/DRPIQ/DRPIQ1000Result?licId=01047044
AC47116421,https://lmspiq.fda.gov.tw/web/DRPIQ/DRPIQ1000Result?licId=01047116
AC47117421,https://lmspiq.fda.gov.tw/web/DRPIQ/DRPIQ1000Result?licId=01047117
AC47117429,https://lmspiq.fda.gov.tw/web/DRPIQ/DRPIQ1000Result?licId=01047117
AC47124416,https://lmspiq.fda.gov.tw/web/DRPIQ/DRPIQ1000Result?licId=01047124
AC47124417,https://lmspiq.fda.gov.tw/web/DRPIQ/DRPIQ1000Result?licId=01047124
AC47124421,https://lmspiq.fda.gov.tw/web/DRPIQ/DRPIQ1000Result?licId=01047124
AC47126151,https://lmspiq.fda.gov.tw/web/DRPIQ/DRPIQ1000Result?licId=01047126
AC47341100,https://lmspiq.fda.gov.tw/web/DRPIQ/DRPIQ1000Result?licId=01047341
AC47370417,https://lmspiq.fda.gov.tw/web/DRPIQ/DRPIQ1000Result?licId=01047370
AC47444100,https://lmspiq.fda.gov.tw/web/DRPIQ/DRPIQ1000Result?licId=01047444
AC474441G0,https://lmspiq.fda.gov.tw/web/DRPIQ/DRPIQ1000Result?licId=01047444
AC47775100,https://lmspiq.fda.gov.tw/web/DRPIQ/DRPIQ1000Result?licId=01047775
AC47902277,https://lmspiq.fda.gov.tw/web/DRPIQ/DRPIQ1000Result?licId=01047902
AC47907100,https://lmspiq.fda.gov.tw/web/DRPIQ/DRPIQ1000Result?licId=01047907
AC47922100,https://lmspiq.fda.gov.tw/web/DRPIQ/DRPIQ1000Result?licId=01047922
AC47924100,https://lmspiq.fda.gov.tw/web/DRPIQ/DRPIQ1000Result?licId=01047924
AC47928100,https://lmspiq.fda.gov.tw/web/DRPIQ/DRPIQ1000Result?licId=01047928
AC479661G0,https://lmspiq.fda.gov.tw/web/DRPIQ/DRPIQ1000Result?licId=01047966
AC480871G0,https://lmspiq.fda.gov.tw/web/DRPIQ/DRPIQ1000Result?licId=01048087
AC48119100,https://lmspiq.fda.gov.tw/web/DRPIQ/DRPIQ1000Result?licId=01048119
AC481191G0,https://lmspiq.fda.gov.tw/web/DRPIQ/DRPIQ1000Result?licId=01048119
AC48191100,https://lmspiq.fda.gov.tw/web/DRPIQ/DRPIQ1000Result?licId=01048191
AC481911G0,https://lmspiq.fda.gov.tw/web/DRPIQ/DRPIQ1000Result?licId=01048191
AC48344100,https://lmspiq.fda.gov.tw/web/DRPIQ/DRPIQ1000Result?licId=01048344
AC483441G0,https://lmspiq.fda.gov.tw/web/DRPIQ/DRPIQ1000Result?licId=01048344
AC48354421,https://lmspiq.fda.gov.tw/web/DRPIQ/DRPIQ1000Result?licId=01048354
AC48469100,https://lmspiq.fda.gov.tw/web/DRPIQ/DRPIQ1000Result?licId=01048469
AC48513100,https://lmspiq.fda.gov.tw/web/DRPIQ/DRPIQ1000Result?licId=01048513
AC48555100,https://lmspiq.fda.gov.tw/web/DRPIQ/DRPIQ1000Result?licId=01048555
AC48564100,https://lmspiq.fda.gov.tw/web/DRPIQ/DRPIQ1000Result?licId=01048564
AC48589216,https://lmspiq.fda.gov.tw/web/DRPIQ/DRPIQ1000Result?licId=01048589
AC48608100,https://lmspiq.fda.gov.tw/web/DRPIQ/DRPIQ1000Result?licId=01048608
AC48658345,https://lmspiq.fda.gov.tw/web/DRPIQ/DRPIQ1000Result?licId=01048658
AC48684100,https://lmspiq.fda.gov.tw/web/DRPIQ/DRPIQ1000Result?licId=01048684
AC48799345,https://lmspiq.fda.gov.tw/web/DRPIQ/DRPIQ1000Result?licId=01048799
AC48801100,https://lmspiq.fda.gov.tw/web/DRPIQ/DRPIQ1000Result?licId=01048801
AC48809209,https://lmspiq.fda.gov.tw/web/DRPIQ/DRPIQ1000Result?licId=01048809
AC48813100,https://lmspiq.fda.gov.tw/web/DRPIQ/DRPIQ1000Result?licId=01048813
AC48879100,https://lmspiq.fda.gov.tw/web/DRPIQ/DRPIQ1000Result?licId=01048879
AC48908100,https://lmspiq.fda.gov.tw/web/DRPIQ/DRPIQ1000Result?licId=01048908
AC48926100,https://lmspiq.fda.gov.tw/web/DRPIQ/DRPIQ1000Result?licId=01048926
AC48972100,https://lmspiq.fda.gov.tw/web/DRPIQ/DRPIQ1000Result?licId=01048972
AC49024100,https://lmspiq.fda.gov.tw/web/DRPIQ/DRPIQ1000Result?licId=01049024
AC49107345,https://lmspiq.fda.gov.tw/web/DRPIQ/DRPIQ1000Result?licId=01049107
AC491761G0,https://lmspiq.fda.gov.tw/web/DRPIQ/DRPIQ1000Result?licId=01049176
AC49177216,https://lmspiq.fda.gov.tw/web/DRPIQ/DRPIQ1000Result?licId=01049177
AC49178100,https://lmspiq.fda.gov.tw/web/DRPIQ/DRPIQ1000Result?licId=01049178
AC49190100,https://lmspiq.fda.gov.tw/web/DRPIQ/DRPIQ1000Result?licId=01049190
AC49202100,https://lmspiq.fda.gov.tw/web/DRPIQ/DRPIQ1000Result?licId=01049202
AC49208345,https://lmspiq.fda.gov.tw/web/DRPIQ/DRPIQ1000Result?licId=01049208
AC49226100,https://lmspiq.fda.gov.tw/web/DRPIQ/DRPIQ1000Result?licId=01049226
AC49360100,https://lmspiq.fda.gov.tw/web/DRPIQ/DRPIQ1000Result?licId=01049360
AC49373100,https://lmspiq.fda.gov.tw/web/DRPIQ/DRPIQ1000Result?licId=01049373
AC49661100,https://lmspiq.fda.gov.tw/web/DRPIQ/DRPIQ1000Result?licId=01049661
AC49672100,https://lmspiq.fda.gov.tw/web/DRPIQ/DRPIQ1000Result?licId=01049672
AC49699100,https://lmspiq.fda.gov.tw/web/DRPIQ/DRPIQ1000Result?licId=01049699
AC49711100,https://lmspiq.fda.gov.tw/web/DRPIQ/DRPIQ1000Result?licId=01049711
AC49754209,https://lmspiq.fda.gov.tw/web/DRPIQ/DRPIQ1000Result?licId=01049754
AC49754216,https://lmspiq.fda.gov.tw/web/DRPIQ/DRPIQ1000Result?licId=01049754
AC49755100,https://lmspiq.fda.gov.tw/web/DRPIQ/DRPIQ1000Result?licId=01049755
AC49758151,https://lmspiq.fda.gov.tw/web/DRPIQ/DRPIQ1000Result?licId=01049758
AC49758157,https://lmspiq.fda.gov.tw/web/DRPIQ/DRPIQ1000Result?licId=01049758
AC49792100,https://lmspiq.fda.gov.tw/web/DRPIQ/DRPIQ1000Result?licId=01049792
AC49841100,https://lmspiq.fda.gov.tw/web/DRPIQ/DRPIQ1000Result?licId=01049841
AC49848345,https://lmspiq.fda.gov.tw/web/DRPIQ/DRPIQ1000Result?licId=01049848
AC49904100,https://lmspiq.fda.gov.tw/web/DRPIQ/DRPIQ1000Result?licId=01049904
AC49932417,https://lmspiq.fda.gov.tw/web/DRPIQ/DRPIQ1000Result?licId=01049932
AC49997100,https://lmspiq.fda.gov.tw/web/DRPIQ/DRPIQ1000Result?licId=01049997
AC50057100,https://lmspiq.fda.gov.tw/web/DRPIQ/DRPIQ1000Result?licId=01050057
AC50086100,https://lmspiq.fda.gov.tw/web/DRPIQ/DRPIQ1000Result?licId=01050086
AC50095100,https://lmspiq.fda.gov.tw/web/DRPIQ/DRPIQ1000Result?licId=01050095
AC50177100,https://lmspiq.fda.gov.tw/web/DRPIQ/DRPIQ1000Result?licId=01050177
AC50208321,https://lmspiq.fda.gov.tw/web/DRPIQ/DRPIQ1000Result?licId=01050208
AC50208335,https://lmspiq.fda.gov.tw/web/DRPIQ/DRPIQ1000Result?licId=01050208
AC50208340,https://lmspiq.fda.gov.tw/web/DRPIQ/DRPIQ1000Result?licId=01050208
AC50208343,https://lmspiq.fda.gov.tw/web/DRPIQ/DRPIQ1000Result?licId=01050208
AC50208345,https://lmspiq.fda.gov.tw/web/DRPIQ/DRPIQ1000Result?licId=01050208
AC502083AK,https://lmspiq.fda.gov.tw/web/DRPIQ/DRPIQ1000Result?licId=01050208
AC50423100,https://lmspiq.fda.gov.tw/web/DRPIQ/DRPIQ1000Result?licId=01050423
AC50866100,https://lmspiq.fda.gov.tw/web/DRPIQ/DRPIQ1000Result?licId=01050866
AC51523100,https://lmspiq.fda.gov.tw/web/DRPIQ/DRPIQ1000Result?licId=01051523
AC51598100,https://lmspiq.fda.gov.tw/web/DRPIQ/DRPIQ1000Result?licId=01051598
AC52301100,https://lmspiq.fda.gov.tw/web/DRPIQ/DRPIQ1000Result?licId=01052301
AC52452100,https://lmspiq.fda.gov.tw/web/DRPIQ/DRPIQ1000Result?licId=01052452
AC52479100,https://lmspiq.fda.gov.tw/web/DRPIQ/DRPIQ1000Result?licId=01052479
AC52530100,https://lmspiq.fda.gov.tw/web/DRPIQ/DRPIQ1000Result?licId=01052530
AC52555417,https://lmspiq.fda.gov.tw/web/DRPIQ/DRPIQ1000Result?licId=01052555
AC52555421,https://lmspiq.fda.gov.tw/web/DRPIQ/DRPIQ1000Result?licId=01052555
AC52559100,https://lmspiq.fda.gov.tw/web/DRPIQ/DRPIQ1000Result?licId=01052559
AC52581100,https://lmspiq.fda.gov.tw/web/DRPIQ/DRPIQ1000Result?licId=01052581
AC54859100,https://lmspiq.fda.gov.tw/web/DRPIQ/DRPIQ1000Result?licId=01054859
AC55260421,https://lmspiq.fda.gov.tw/web/DRPIQ/DRPIQ1000Result?licId=01055260
AC55268100,https://lmspiq.fda.gov.tw/web/DRPIQ/DRPIQ1000Result?licId=01055268
AC55271100,https://lmspiq.fda.gov.tw/web/DRPIQ/DRPIQ1000Result?licId=01055271
AC55272100,https://lmspiq.fda.gov.tw/web/DRPIQ/DRPIQ1000Result?licId=01055272
AC55418100,https://lmspiq.fda.gov.tw/web/DRPIQ/DRPIQ1000Result?licId=01055418
AC55583100,https://lmspiq.fda.gov.tw/web/DRPIQ/DRPIQ1000Result?licId=01055583
AC55895100,https://lmspiq.fda.gov.tw/web/DRPIQ/DRPIQ1000Result?licId=01055895
AC55913209,https://lmspiq.fda.gov.tw/web/DRPIQ/DRPIQ1000Result?licId=01055913
AC559471G0,https://lmspiq.fda.gov.tw/web/DRPIQ/DRPIQ1000Result?licId=01055947
AC55952100,https://lmspiq.fda.gov.tw/web/DRPIQ/DRPIQ1000Result?licId=01055952
AC55953100,https://lmspiq.fda.gov.tw/web/DRPIQ/DRPIQ1000Result?licId=01055953
AC55956100,https://lmspiq.fda.gov.tw/web/DRPIQ/DRPIQ1000Result?licId=01055956
AC55957100,https://lmspiq.fda.gov.tw/web/DRPIQ/DRPIQ1000Result?licId=01055957
AC56306100,https://lmspiq.fda.gov.tw/web/DRPIQ/DRPIQ1000Result?licId=01056306
AC56319100,https://lmspiq.fda.gov.tw/web/DRPIQ/DRPIQ1000Result?licId=01056319
AC56629100,https://lmspiq.fda.gov.tw/web/DRPIQ/DRPIQ1000Result?licId=01056629
AC56682100,https://lmspiq.fda.gov.tw/web/DRPIQ/DRPIQ1000Result?licId=01056682
AC56771345,https://lmspiq.fda.gov.tw/web/DRPIQ/DRPIQ1000Result?licId=01056771
AC56791100,https://lmspiq.fda.gov.tw/web/DRPIQ/DRPIQ1000Result?licId=01056791
AC56804100,https://lmspiq.fda.gov.tw/web/DRPIQ/DRPIQ1000Result?licId=01056804
AC56806100,https://lmspiq.fda.gov.tw/web/DRPIQ/DRPIQ1000Result?licId=01056806
AC57126100,https://lmspiq.fda.gov.tw/web/DRPIQ/DRPIQ1000Result?licId=01057126
AC57130100,https://lmspiq.fda.gov.tw/web/DRPIQ/DRPIQ1000Result?licId=01057130
AC57132221,https://lmspiq.fda.gov.tw/web/DRPIQ/DRPIQ1000Result?licId=01057132
AC57132229,https://lmspiq.fda.gov.tw/web/DRPIQ/DRPIQ1000Result?licId=01057132
AC57133100,https://lmspiq.fda.gov.tw/web/DRPIQ/DRPIQ1000Result?licId=01057133
AC57135321,https://lmspiq.fda.gov.tw/web/DRPIQ/DRPIQ1000Result?licId=01057135
AC57135329,https://lmspiq.fda.gov.tw/web/DRPIQ/DRPIQ1000Result?licId=01057135
AC57135335,https://lmspiq.fda.gov.tw/web/DRPIQ/DRPIQ1000Result?licId=01057135
AC57135336,https://lmspiq.fda.gov.tw/web/DRPIQ/DRPIQ1000Result?licId=01057135
AC57135338,https://lmspiq.fda.gov.tw/web/DRPIQ/DRPIQ1000Result?licId=01057135
AC57135340,https://lmspiq.fda.gov.tw/web/DRPIQ/DRPIQ1000Result?licId=01057135
AC57135343,https://lmspiq.fda.gov.tw/web/DRPIQ/DRPIQ1000Result?licId=01057135
AC57135345,https://lmspiq.fda.gov.tw/web/DRPIQ/DRPIQ1000Result?licId=01057135
AC57176100,https://lmspiq.fda.gov.tw/web/DRPIQ/DRPIQ1000Result?licId=01057176
AC57235100,https://lmspiq.fda.gov.tw/web/DRPIQ/DRPIQ1000Result?licId=01057235
AC57246100,https://lmspiq.fda.gov.tw/web/DRPIQ/DRPIQ1000Result?licId=01057246
AC57267100,https://lmspiq.fda.gov.tw/web/DRPIQ/DRPIQ1000Result?licId=01057267
AC57283100,https://lmspiq.fda.gov.tw/web/DRPIQ/DRPIQ1000Result?licId=01057283
AC57397100,https://lmspiq.fda.gov.tw/web/DRPIQ/DRPIQ1000Result?licId=01057397
AC573971G0,https://lmspiq.fda.gov.tw/web/DRPIQ/DRPIQ1000Result?licId=01057397
AC57413100,https://lmspiq.fda.gov.tw/web/DRPIQ/DRPIQ1000Result?licId=01057413
AC57741100,https://lmspiq.fda.gov.tw/web/DRPIQ/DRPIQ1000Result?licId=01057741
AC57803100,https://lmspiq.fda.gov.tw/web/DRPIQ/DRPIQ1000Result?licId=01057803
AC57805100,https://lmspiq.fda.gov.tw/web/DRPIQ/DRPIQ1000Result?licId=01057805
AC57809100,https://lmspiq.fda.gov.tw/web/DRPIQ/DRPIQ1000Result?licId=01057809
AC57880100,https://lmspiq.fda.gov.tw/web/DRPIQ/DRPIQ1000Result?licId=01057880
AC57907100,https://lmspiq.fda.gov.tw/web/DRPIQ/DRPIQ1000Result?licId=01057907
AC57924500,https://lmspiq.fda.gov.tw/web/DRPIQ/DRPIQ1000Result?licId=01057924
AC57930100,https://lmspiq.fda.gov.tw/web/DRPIQ/DRPIQ1000Result?licId=01057930
AC58006229,https://lmspiq.fda.gov.tw/web/DRPIQ/DRPIQ1000Result?licId=01058006
AC58041100,https://lmspiq.fda.gov.tw/web/DRPIQ/DRPIQ1000Result?licId=51058041
AC58067100,https://lmspiq.fda.gov.tw/web/DRPIQ/DRPIQ1000Result?licId=51058067
AC58078100,https://lmspiq.fda.gov.tw/web/DRPIQ/DRPIQ1000Result?licId=51058078
AC58098100,https://lmspiq.fda.gov.tw/web/DRPIQ/DRPIQ1000Result?licId=51058098
AC58129417,https://lmspiq.fda.gov.tw/web/DRPIQ/DRPIQ1000Result?licId=51058129
AC58129421,https://lmspiq.fda.gov.tw/web/DRPIQ/DRPIQ1000Result?licId=51058129
AC58194216,https://lmspiq.fda.gov.tw/web/DRPIQ/DRPIQ1000Result?licId=51058194
AC58207100,https://lmspiq.fda.gov.tw/web/DRPIQ/DRPIQ1000Result?licId=51058207
AC58209329,https://lmspiq.fda.gov.tw/web/DRPIQ/DRPIQ1000Result?licId=51058209
AC58209335,https://lmspiq.fda.gov.tw/web/DRPIQ/DRPIQ1000Result?licId=51058209
AC58211100,https://lmspiq.fda.gov.tw/web/DRPIQ/DRPIQ1000Result?licId=51058211
AC582401G0,https://lmspiq.fda.gov.tw/web/DRPIQ/DRPIQ1000Result?licId=51058240
AC58262100,https://lmspiq.fda.gov.tw/web/DRPIQ/DRPIQ1000Result?licId=51058262
AC58270100,https://lmspiq.fda.gov.tw/web/DRPIQ/DRPIQ1000Result?licId=51058270
AC58282100,https://lmspiq.fda.gov.tw/web/DRPIQ/DRPIQ1000Result?licId=51058282
AC58291100,https://lmspiq.fda.gov.tw/web/DRPIQ/DRPIQ1000Result?licId=51058291
AC58315100,https://lmspiq.fda.gov.tw/web/DRPIQ/DRPIQ1000Result?licId=51058315
AC58316100,https://lmspiq.fda.gov.tw/web/DRPIQ/DRPIQ1000Result?licId=51058316
AC58384100,https://lmspiq.fda.gov.tw/web/DRPIQ/DRPIQ1000Result?licId=51058384
AC58396100,https://lmspiq.fda.gov.tw/web/DRPIQ/DRPIQ1000Result?licId=51058396
AC58401100,https://lmspiq.fda.gov.tw/web/DRPIQ/DRPIQ1000Result?licId=51058401
AC58411100,https://lmspiq.fda.gov.tw/web/DRPIQ/DRPIQ1000Result?licId=51058411
AC58517100,https://lmspiq.fda.gov.tw/web/DRPIQ/DRPIQ1000Result?licId=51058517
AC58525100,https://lmspiq.fda.gov.tw/web/DRPIQ/DRPIQ1000Result?licId=51058525
AC58526100,https://lmspiq.fda.gov.tw/web/DRPIQ/DRPIQ1000Result?licId=51058526
AC58577100,https://lmspiq.fda.gov.tw/web/DRPIQ/DRPIQ1000Result?licId=51058577
AC58579100,https://lmspiq.fda.gov.tw/web/DRPIQ/DRPIQ1000Result?licId=51058579
AC58612100,https://lmspiq.fda.gov.tw/web/DRPIQ/DRPIQ1000Result?licId=51058612
AC586121G0,https://lmspiq.fda.gov.tw/web/DRPIQ/DRPIQ1000Result?licId=51058612
AC58622100,https://lmspiq.fda.gov.tw/web/DRPIQ/DRPIQ1000Result?licId=51058622
AC58624100,https://lmspiq.fda.gov.tw/web/DRPIQ/DRPIQ1000Result?licId=51058624
AC586241G0,https://lmspiq.fda.gov.tw/web/DRPIQ/DRPIQ1000Result?licId=51058624
AC58633100,https://lmspiq.fda.gov.tw/web/DRPIQ/DRPIQ1000Result?licId=51058633
AC58639100,https://lmspiq.fda.gov.tw/web/DRPIQ/DRPIQ1000Result?licId=51058639
AC58813100,https://lmspiq.fda.gov.tw/web/DRPIQ/DRPIQ1000Result?licId=51058813
AC58822100,https://lmspiq.fda.gov.tw/web/DRPIQ/DRPIQ1000Result?licId=51058822
AC58969100,https://lmspiq.fda.gov.tw/web/DRPIQ/DRPIQ1000Result?licId=51058969
AC59022100,https://lmspiq.fda.gov.tw/web/DRPIQ/DRPIQ1000Result?licId=51059022
AC59063421,https://lmspiq.fda.gov.tw/web/DRPIQ/DRPIQ1000Result?licId=51059063
AC59185100,https://lmspiq.fda.gov.tw/web/DRPIQ/DRPIQ1000Result?licId=51059185
AC59192100,https://lmspiq.fda.gov.tw/web/DRPIQ/DRPIQ1000Result?licId=51059192
AC59193100,https://lmspiq.fda.gov.tw/web/DRPIQ/DRPIQ1000Result?licId=51059193
AC59209100,https://lmspiq.fda.gov.tw/web/DRPIQ/DRPIQ1000Result?licId=51059209
AC59240100,https://lmspiq.fda.gov.tw/web/DRPIQ/DRPIQ1000Result?licId=51059240
AC59266100,https://lmspiq.fda.gov.tw/web/DRPIQ/DRPIQ1000Result?licId=51059266
AC59271100,https://lmspiq.fda.gov.tw/web/DRPIQ/DRPIQ1000Result?licId=51059271
AC59398100,https://lmspiq.fda.gov.tw/web/DRPIQ/DRPIQ1000Result?licId=51059398
AC59413329,https://lmspiq.fda.gov.tw/web/DRPIQ/DRPIQ1000Result?licId=51059413
AC59413335,https://lmspiq.fda.gov.tw/web/DRPIQ/DRPIQ1000Result?licId=51059413
AC59649100,https://lmspiq.fda.gov.tw/web/DRPIQ/DRPIQ1000Result?licId=51059649
AC59652100,https://lmspiq.fda.gov.tw/web/DRPIQ/DRPIQ1000Result?licId=51059652
AC59734453,https://lmspiq.fda.gov.tw/web/DRPIQ/DRPIQ1000Result?licId=51059734
AC59818100,https://lmspiq.fda.gov.tw/web/DRPIQ/DRPIQ1000Result?licId=51059818
AC598181G0,https://lmspiq.fda.gov.tw/web/DRPIQ/DRPIQ1000Result?licId=51059818
AC59855248,https://lmspiq.fda.gov.tw/web/DRPIQ/DRPIQ1000Result?licId=51059855
AC59880417,https://lmspiq.fda.gov.tw/web/DRPIQ/DRPIQ1000Result?licId=51059880
AC60114100,https://lmspiq.fda.gov.tw/web/DRPIQ/DRPIQ1000Result?licId=51060114
AC60149240,https://lmspiq.fda.gov.tw/web/DRPIQ/DRPIQ1000Result?licId=51060149
AC60149255,https://lmspiq.fda.gov.tw/web/DRPIQ/DRPIQ1000Result?licId=51060149
AC60155221,https://lmspiq.fda.gov.tw/web/DRPIQ/DRPIQ1000Result?licId=51060155
AC60159100,https://lmspiq.fda.gov.tw/web/DRPIQ/DRPIQ1000Result?licId=51060159
AC60168100,https://lmspiq.fda.gov.tw/web/DRPIQ/DRPIQ1000Result?licId=51060168
AC60174100,https://lmspiq.fda.gov.tw/web/DRPIQ/DRPIQ1000Result?licId=51060174
AC60175100,https://lmspiq.fda.gov.tw/web/DRPIQ/DRPIQ1000Result?licId=51060175
AC60197100,https://lmspiq.fda.gov.tw/web/DRPIQ/DRPIQ1000Result?licId=51060197
AC60270100,https://lmspiq.fda.gov.tw/web/DRPIQ/DRPIQ1000Result?licId=51060270
AC60290100,https://lmspiq.fda.gov.tw/web/DRPIQ/DRPIQ1000Result?licId=51060290
AC60314100,https://lmspiq.fda.gov.tw/web/DRPIQ/DRPIQ1000Result?licId=51060314
AC60316100,https://lmspiq.fda.gov.tw/web/DRPIQ/DRPIQ1000Result?licId=51060316
AC60318100,https://lmspiq.fda.gov.tw/web/DRPIQ/DRPIQ1000Result?licId=51060318
AC60319221,https://lmspiq.fda.gov.tw/web/DRPIQ/DRPIQ1000Result?licId=51060319
AC60391100,https://lmspiq.fda.gov.tw/web/DRPIQ/DRPIQ1000Result?licId=51060391
AC60444209,https://lmspiq.fda.gov.tw/web/DRPIQ/DRPIQ1000Result?licId=51060444
AC60444216,https://lmspiq.fda.gov.tw/web/DRPIQ/DRPIQ1000Result?licId=51060444
AC60447255,https://lmspiq.fda.gov.tw/web/DRPIQ/DRPIQ1000Result?licId=51060447
AC60512100,https://lmspiq.fda.gov.tw/web/DRPIQ/DRPIQ1000Result?licId=51060512
AC60561100,https://lmspiq.fda.gov.tw/web/DRPIQ/DRPIQ1000Result?licId=51060561
AC60563100,https://lmspiq.fda.gov.tw/web/DRPIQ/DRPIQ1000Result?licId=51060563
AC60826100,https://lmspiq.fda.gov.tw/web/DRPIQ/DRPIQ1000Result?licId=51060826
AC60904100,https://lmspiq.fda.gov.tw/web/DRPIQ/DRPIQ1000Result?licId=51060904
AC609041G0,https://lmspiq.fda.gov.tw/web/DRPIQ/DRPIQ1000Result?licId=51060904
AC60906100,https://lmspiq.fda.gov.tw/web/DRPIQ/DRPIQ1000Result?licId=51060906
AC609061G0,https://lmspiq.fda.gov.tw/web/DRPIQ/DRPIQ1000Result?licId=51060906
AC61092248,https://lmspiq.fda.gov.tw/web/DRPIQ/DRPIQ1000Result?licId=51061092
AC61186100,https://lmspiq.fda.gov.tw/web/DRPIQ/DRPIQ1000Result?licId=51061186
AC61449100,https://lmspiq.fda.gov.tw/web/DRPIQ/DRPIQ1000Result?licId=51061449
AC61492100,https://lmspiq.fda.gov.tw/web/DRPIQ/DRPIQ1000Result?licId=51061492
AC61566100,https://lmspiq.fda.gov.tw/web/DRPIQ/DRPIQ1000Result?licId=51061566
AC61795100,https://lmspiq.fda.gov.tw/web/DRPIQ/DRPIQ1000Result?licId=51061795
AC61850100,https://lmspiq.fda.gov.tw/web/DRPIQ/DRPIQ1000Result?licId=51061850
AC61949155,https://lmspiq.fda.gov.tw/web/DRPIQ/DRPIQ1000Result?licId=51061949
AC61952100,https://lmspiq.fda.gov.tw/web/DRPIQ/DRPIQ1000Result?licId=51061952
BA25200100,https://lmspiq.fda.gov.tw/web/DRPIQ/DRPIQ1000Result?licId=02025200
BA25201100,https://lmspiq.fda.gov.tw/web/DRPIQ/DRPIQ1000Result?licId=02025201
BA25337100,https://lmspiq.fda.gov.tw/web/DRPIQ/DRPIQ1000Result?licId=02025337
BA25797100,https://lmspiq.fda.gov.tw/web/DRPIQ/DRPIQ1000Result?licId=02025797
BA25798100,https://lmspiq.fda.gov.tw/web/DRPIQ/DRPIQ1000Result?licId=02025798
BC09145100,https://lmspiq.fda.gov.tw/web/DRPIQ/DRPIQ1000Result?licId=02009145
BC09146100,https://lmspiq.fda.gov.tw/web/DRPIQ/DRPIQ1000Result?licId=02009146
BC09554100,https://lmspiq.fda.gov.tw/web/DRPIQ/DRPIQ1000Result?licId=02009554
BC09714212,https://lmspiq.fda.gov.tw/web/DRPIQ/DRPIQ1000Result?licId=02009714
BC12258248,https://lmspiq.fda.gov.tw/web/DRPIQ/DRPIQ1000Result?licId=02012258
BC125401G0,https://lmspiq.fda.gov.tw/web/DRPIQ/DRPIQ1000Result?licId=02012540
BC12601100,https://lmspiq.fda.gov.tw/web/DRPIQ/DRPIQ1000Result?licId=02012601
BC16548421,https://lmspiq.fda.gov.tw/web/DRPIQ/DRPIQ1000Result?licId=02016548
BC16851417,https://lmspiq.fda.gov.tw/web/DRPIQ/DRPIQ1000Result?licId=02016851
BC16894435,https://lmspiq.fda.gov.tw/web/DRPIQ/DRPIQ1000Result?licId=02016894
BC18479212,https://lmspiq.fda.gov.tw/web/DRPIQ/DRPIQ1000Result?licId=02018479
BC18584100,https://lmspiq.fda.gov.tw/web/DRPIQ/DRPIQ1000Result?licId=02018584
BC19595426,https://lmspiq.fda.gov.tw/web/DRPIQ/DRPIQ1000Result?licId=02019595
BC19632100,https://lmspiq.fda.gov.tw/web/DRPIQ/DRPIQ1000Result?licId=02019632
BC19955209,https://lmspiq.fda.gov.tw/web/DRPIQ/DRPIQ1000Result?licId=02019955
BC19955216,https://lmspiq.fda.gov.tw/web/DRPIQ/DRPIQ1000Result?licId=02019955
BC21043100,https://lmspiq.fda.gov.tw/web/DRPIQ/DRPIQ1000Result?licId=02021043
BC21073248,https://lmspiq.fda.gov.tw/web/DRPIQ/DRPIQ1000Result?licId=02021073
BC21303100,https://lmspiq.fda.gov.tw/web/DRPIQ/DRPIQ1000Result?licId=02021303
BC21304263,https://lmspiq.fda.gov.tw/web/DRPIQ/DRPIQ1000Result?licId=02021304
BC21304277,https://lmspiq.fda.gov.tw/web/DRPIQ/DRPIQ1000Result?licId=02021304
BC21757100,https://lmspiq.fda.gov.tw/web/DRPIQ/DRPIQ1000Result?licId=02021757
BC22016100,https://lmspiq.fda.gov.tw/web/DRPIQ/DRPIQ1000Result?licId=02022016
BC22097100,https://lmspiq.fda.gov.tw/web/DRPIQ/DRPIQ1000Result?licId=02022097
BC22151100,https://lmspiq.fda.gov.tw/web/DRPIQ/DRPIQ1000Result?licId=02022151
BC22886100,https://lmspiq.fda.gov.tw/web/DRPIQ/DRPIQ1000Result?licId=02022886
BC22889100,https://lmspiq.fda.gov.tw/web/DRPIQ/DRPIQ1000Result?licId=02022889
BC22890100,https://lmspiq.fda.gov.tw/web/DRPIQ/DRPIQ1000Result?licId=02022890
BC23388248,https://lmspiq.fda.gov.tw/web/DRPIQ/DRPIQ1000Result?licId=02023388
BC23518100,https://lmspiq.fda.gov.tw/web/DRPIQ/DRPIQ1000Result?licId=02023518
BC23556100,https://lmspiq.fda.gov.tw/web/DRPIQ/DRPIQ1000Result?licId=02023556
BC23572100,https://lmspiq.fda.gov.tw/web/DRPIQ/DRPIQ1000Result?licId=02023572
BC23573100,https://lmspiq.fda.gov.tw/web/DRPIQ/DRPIQ1000Result?licId=02023573
BC23596100,https://lmspiq.fda.gov.tw/web/DRPIQ/DRPIQ1000Result?licId=02023596
BC23597100,https://lmspiq.fda.gov.tw/web/DRPIQ/DRPIQ1000Result?licId=02023597
BC23603100,https://lmspiq.fda.gov.tw/web/DRPIQ/DRPIQ1000Result?licId=02023603
BC23737100,https://lmspiq.fda.gov.tw/web/DRPIQ/DRPIQ1000Result?licId=02023737
BC23738100,https://lmspiq.fda.gov.tw/web/DRPIQ/DRPIQ1000Result?licId=02023738
BC23964453,https://lmspiq.fda.gov.tw/web/DRPIQ/DRPIQ1000Result?licId=02023964
BC23970100,https://lmspiq.fda.gov.tw/web/DRPIQ/DRPIQ1000Result?licId=02023970
BC24041277,https://lmspiq.fda.gov.tw/web/DRPIQ/DRPIQ1000Result?licId=02024041
BC24129100,https://lmspiq.fda.gov.tw/web/DRPIQ/DRPIQ1000Result?licId=02024129
BC24131100,https://lmspiq.fda.gov.tw/web/DRPIQ/DRPIQ1000Result?licId=02024131
BC24215100,https://lmspiq.fda.gov.tw/web/DRPIQ/DRPIQ1000Result?licId=02024215
BC24260277,https://lmspiq.fda.gov.tw/web/DRPIQ/DRPIQ1000Result?licId=02024260
BC24339100,https://lmspiq.fda.gov.tw/web/DRPIQ/DRPIQ1000Result?licId=02024339
BC24443248,https://lmspiq.fda.gov.tw/web/DRPIQ/DRPIQ1000Result?licId=02024443
BC24597100,https://lmspiq.fda.gov.tw/web/DRPIQ/DRPIQ1000Result?licId=02024597
BC24708100,https://lmspiq.fda.gov.tw/web/DRPIQ/DRPIQ1000Result?licId=02024708
BC247081G4,https://lmspiq.fda.gov.tw/web/DRPIQ/DRPIQ1000Result?licId=02024708
BC24725100,https://lmspiq.fda.gov.tw/web/DRPIQ/DRPIQ1000Result?licId=02024725
BC24768410,https://lmspiq.fda.gov.tw/web/DRPIQ/DRPIQ1000Result?licId=02024768
BC24768416,https://lmspiq.fda.gov.tw/web/DRPIQ/DRPIQ1000Result?licId=02024768
BC24785221,https://lmspiq.fda.gov.tw/web/DRPIQ/DRPIQ1000Result?licId=02024785
BC25211100,https://lmspiq.fda.gov.tw/web/DRPIQ/DRPIQ1000Result?licId=02025211
BC25321100,https://lmspiq.fda.gov.tw/web/DRPIQ/DRPIQ1000Result?licId=02025321
BC25350100,https://lmspiq.fda.gov.tw/web/DRPIQ/DRPIQ1000Result?licId=02025350
BC25401255,https://lmspiq.fda.gov.tw/web/DRPIQ/DRPIQ1000Result?licId=02025401
BC25427100,https://lmspiq.fda.gov.tw/web/DRPIQ/DRPIQ1000Result?licId=02025427
BC25533100,https://lmspiq.fda.gov.tw/web/DRPIQ/DRPIQ1000Result?licId=02025533
BC255331G4,https://lmspiq.fda.gov.tw/web/DRPIQ/DRPIQ1000Result?licId=02025533
BC25757100,https://lmspiq.fda.gov.tw/web/DRPIQ/DRPIQ1000Result?licId=02025757
BC26028100,https://lmspiq.fda.gov.tw/web/DRPIQ/DRPIQ1000Result?licId=02026028
BC26147100,https://lmspiq.fda.gov.tw/web/DRPIQ/DRPIQ1000Result?licId=52026147
BC26350100,https://lmspiq.fda.gov.tw/web/DRPIQ/DRPIQ1000Result?licId=52026350
BC26367100,https://lmspiq.fda.gov.tw/web/DRPIQ/DRPIQ1000Result?licId=52026367
BC26368100,https://lmspiq.fda.gov.tw/web/DRPIQ/DRPIQ1000Result?licId=52026368
BC26421100,https://lmspiq.fda.gov.tw/web/DRPIQ/DRPIQ1000Result?licId=52026421
BC26432100,https://lmspiq.fda.gov.tw/web/DRPIQ/DRPIQ1000Result?licId=52026432
BC26434100,https://lmspiq.fda.gov.tw/web/DRPIQ/DRPIQ1000Result?licId=52026434
BC26497100,https://lmspiq.fda.gov.tw/web/DRPIQ/DRPIQ1000Result?licId=52026497
BC26543100,https://lmspiq.fda.gov.tw/web/DRPIQ/DRPIQ1000Result?licId=52026543
BC26544100,https://lmspiq.fda.gov.tw/web/DRPIQ/DRPIQ1000Result?licId=52026544
BC26900100,https://lmspiq.fda.gov.tw/web/DRPIQ/DRPIQ1000Result?licId=52026900
BC26922209,https://lmspiq.fda.gov.tw/web/DRPIQ/DRPIQ1000Result?licId=52026922
BC27002100,https://lmspiq.fda.gov.tw/web/DRPIQ/DRPIQ1000Result?licId=52027002
BC27052212,https://lmspiq.fda.gov.tw/web/DRPIQ/DRPIQ1000Result?licId=52027052
BC27209100,https://lmspiq.fda.gov.tw/web/DRPIQ/DRPIQ1000Result?licId=52027209
BC27210100,https://lmspiq.fda.gov.tw/web/DRPIQ/DRPIQ1000Result?licId=52027210
BC27211100,https://lmspiq.fda.gov.tw/web/DRPIQ/DRPIQ1000Result?licId=52027211
BC27233100,https://lmspiq.fda.gov.tw/web/DRPIQ/DRPIQ1000Result?licId=52027233
BC27303255,https://lmspiq.fda.gov.tw/web/DRPIQ/DRPIQ1000Result?licId=52027303
BC27421100,https://lmspiq.fda.gov.tw/web/DRPIQ/DRPIQ1000Result?licId=52027421
BC27422100,https://lmspiq.fda.gov.tw/web/DRPIQ/DRPIQ1000Result?licId=52027422
BC27469240,https://lmspiq.fda.gov.tw/web/DRPIQ/DRPIQ1000Result?licId=52027469
BC27469255,https://lmspiq.fda.gov.tw/web/DRPIQ/DRPIQ1000Result?licId=52027469
BC27615221,https://lmspiq.fda.gov.tw/web/DRPIQ/DRPIQ1000Result?licId=52027615
BC27781100,https://lmspiq.fda.gov.tw/web/DRPIQ/DRPIQ1000Result?licId=52027781
BC27782100,https://lmspiq.fda.gov.tw/web/DRPIQ/DRPIQ1000Result?licId=52027782
BC28020100,https://lmspiq.fda.gov.tw/web/DRPIQ/DRPIQ1000Result?licId=52028020
BC28230100,https://lmspiq.fda.gov.tw/web/DRPIQ/DRPIQ1000Result?licId=52028230
BC28469240,https://lmspiq.fda.gov.tw/web/DRPIQ/DRPIQ1000Result?licId=52028469
BC28491255,https://lmspiq.fda.gov.tw/web/DRPIQ/DRPIQ1000Result?licId=52028491
BC28517248,https://lmspiq.fda.gov.tw/web/DRPIQ/DRPIQ1000Result?licId=52028517
BC28522100,https://lmspiq.fda.gov.tw/web/DRPIQ/DRPIQ1000Result?licId=52028522
BC285221G0,https://lmspiq.fda.gov.tw/web/DRPIQ/DRPIQ1000Result?licId=52028522
BC285221G6,https://lmspiq.fda.gov.tw/web/DRPIQ/DRPIQ1000Result?licId=52028522
BC28528100,https://lmspiq.fda.gov.tw/web/DRPIQ/DRPIQ1000Result?licId=52028528
BC28687100,https://lmspiq.fda.gov.tw/web/DRPIQ/DRPIQ1000Result?licId=52028687
BC286871G0,https://lmspiq.fda.gov.tw/web/DRPIQ/DRPIQ1000Result?licId=52028687
BC286871G6,https://lmspiq.fda.gov.tw/web/DRPIQ/DRPIQ1000Result?licId=52028687
BC28688100,https://lmspiq.fda.gov.tw/web/DRPIQ/DRPIQ1000Result?licId=52028688
BC286881G0,https://lmspiq.fda.gov.tw/web/DRPIQ/DRPIQ1000Result?licId=52028688
BC286881G6,https://lmspiq.fda.gov.tw/web/DRPIQ/DRPIQ1000Result?licId=52028688
BC28787100,https://lmspiq.fda.gov.tw/web/DRPIQ/DRPIQ1000Result?licId=52028787
BC28788100,https://lmspiq.fda.gov.tw/web/DRPIQ/DRPIQ1000Result?licId=52028788
BC28789100,https://lmspiq.fda.gov.tw/web/DRPIQ/DRPIQ1000Result?licId=52028789
BC28917100,https://lmspiq.fda.gov.tw/web/DRPIQ/DRPIQ1000Result?licId=52028917
BC28918100,https://lmspiq.fda.gov.tw/web/DRPIQ/DRPIQ1000Result?licId=52028918
BC28919100,https://lmspiq.fda.gov.tw/web/DRPIQ/DRPIQ1000Result?licId=52028919
JC00006212,https://lmspiq.fda.gov.tw/web/DRPIQ/DRPIQ1000Result?licId=09000006
JC00009212,https://lmspiq.fda.gov.tw/web/DRPIQ/DRPIQ1000Result?licId=09000009
JC00010209,https://lmspiq.fda.gov.tw/web/DRPIQ/DRPIQ1000Result?licId=09000010
KC00079265,https://lmspiq.fda.gov.tw/web/DRPIQ/DRPIQ1000Result?licId=10000079
KC00197238,https://lmspiq.fda.gov.tw/web/DRPIQ/DRPIQ1000Result?licId=10000197
KC00197248,https://lmspiq.fda.gov.tw/web/DRPIQ/DRPIQ1000Result?licId=10000197
KC00308240,https://lmspiq.fda.gov.tw/web/DRPIQ/DRPIQ1000Result?licId=10000308
KC00375248,https://lmspiq.fda.gov.tw/web/DRPIQ/DRPIQ1000Result?licId=10000375
KC00380229,https://lmspiq.fda.gov.tw/web/DRPIQ/DRPIQ1000Result?licId=10000380
KC00380238,https://lmspiq.fda.gov.tw/web/DRPIQ/DRPIQ1000Result?licId=10000380
KC00380248,https://lmspiq.fda.gov.tw/web/DRPIQ/DRPIQ1000Result?licId=10000380
KC00380255,https://lmspiq.fda.gov.tw/web/DRPIQ/DRPIQ1000Result?licId=10000380
KC00487248,https://lmspiq.fda.gov.tw/web/DRPIQ/DRPIQ1000Result?licId=10000487
KC00491248,https://lmspiq.fda.gov.tw/web/DRPIQ/DRPIQ1000Result?licId=10000491
KC00670282,https://lmspiq.fda.gov.tw/web/DRPIQ/DRPIQ1000Result?licId=10000670
KC00711280,https://lmspiq.fda.gov.tw/web/DRPIQ/DRPIQ1000Result?licId=10000711
KC00712266,https://lmspiq.fda.gov.tw/web/DRPIQ/DRPIQ1000Result?licId=10000712
KC00735209,https://lmspiq.fda.gov.tw/web/DRPIQ/DRPIQ1000Result?licId=10000735
KC00756265,https://lmspiq.fda.gov.tw/web/DRPIQ/DRPIQ1000Result?licId=10000756
KC00757255,https://lmspiq.fda.gov.tw/web/DRPIQ/DRPIQ1000Result?licId=10000757
KC00777248,https://lmspiq.fda.gov.tw/web/DRPIQ/DRPIQ1000Result?licId=10000777
KC00787216,https://lmspiq.fda.gov.tw/web/DRPIQ/DRPIQ1000Result?licId=10000787
KC00842248,https://lmspiq.fda.gov.tw/web/DRPIQ/DRPIQ1000Result?licId=10000842
KC00842255,https://lmspiq.fda.gov.tw/web/DRPIQ/DRPIQ1000Result?licId=10000842
KC00897265,https://lmspiq.fda.gov.tw/web/DRPIQ/DRPIQ1000Result?licId=10000897
KC00919280,https://lmspiq.fda.gov.tw/web/DRPIQ/DRPIQ1000Result?licId=10000919
KC00922248,https://lmspiq.fda.gov.tw/web/DRPIQ/DRPIQ1000Result?licId=10000922
KC00923248,https://lmspiq.fda.gov.tw/web/DRPIQ/DRPIQ1000Result?licId=10000923
KC00923255,https://lmspiq.fda.gov.tw/web/DRPIQ/DRPIQ1000Result?licId=10000923
KC00926248,https://lmspiq.fda.gov.tw/web/DRPIQ/DRPIQ1000Result?licId=10000926
KC00926255,https://lmspiq.fda.gov.tw/web/DRPIQ/DRPIQ1000Result?licId=10000926
KC00945258,https://lmspiq.fda.gov.tw/web/DRPIQ/DRPIQ1000Result?licId=60000945
KC00959248,https://lmspiq.fda.gov.tw/web/DRPIQ/DRPIQ1000Result?licId=60000959
KC00959255,https://lmspiq.fda.gov.tw/web/DRPIQ/DRPIQ1000Result?licId=60000959
KC00960248,https://lmspiq.fda.gov.tw/web/DRPIQ/DRPIQ1000Result?licId=60000960
KC01051248,https://lmspiq.fda.gov.tw/web/DRPIQ/DRPIQ1000Result?licId=60001051
KC01051255,https://lmspiq.fda.gov.tw/web/DRPIQ/DRPIQ1000Result?licId=60001051
KC01052248,https://lmspiq.fda.gov.tw/web/DRPIQ/DRPIQ1000Result?licId=60001052
KC01052255,https://lmspiq.fda.gov.tw/web/DRPIQ/DRPIQ1000Result?licId=60001052
KC01099263,https://lmspiq.fda.gov.tw/web/DRPIQ/DRPIQ1000Result?licId=60001099
KC01099277,https://lmspiq.fda.gov.tw/web/DRPIQ/DRPIQ1000Result?licId=60001099
KC01100277,https://lmspiq.fda.gov.tw/web/DRPIQ/DRPIQ1000Result?licId=60001100
KC01106248,https://lmspiq.fda.gov.tw/web/DRPIQ/DRPIQ1000Result?licId=60001106
KC01108280,https://lmspiq.fda.gov.tw/web/DRPIQ/DRPIQ1000Result?licId=60001108
KC01151213,https://lmspiq.fda.gov.tw/web/DRPIQ/DRPIQ1000Result?licId=60001151
KC01183280,https://lmspiq.fda.gov.tw/web/DRPIQ/DRPIQ1000Result?licId=60001183
KC01239248,https://lmspiq.fda.gov.tw/web/DRPIQ/DRPIQ1000Result?licId=60001239
KC01252216,https://lmspiq.fda.gov.tw/web/DRPIQ/DRPIQ1000Result?licId=60001252
N000465100,https://lmspiq.fda.gov.tw/web/DRPIQ/DRPIQ1000Result?licId=12000465
N001728100,https://lmspiq.fda.gov.tw/web/DRPIQ/DRPIQ1000Result?licId=12001728
N002253100,https://lmspiq.fda.gov.tw/web/DRPIQ/DRPIQ1000Result?licId=12002253
N002638100,https://lmspiq.fda.gov.tw/web/DRPIQ/DRPIQ1000Result?licId=12002638
N003190209,https://lmspiq.fda.gov.tw/web/DRPIQ/DRPIQ1000Result?licId=12003190
N003316100,https://lmspiq.fda.gov.tw/web/DRPIQ/DRPIQ1000Result?licId=12003316
N011069100,https://lmspiq.fda.gov.tw/web/DRPIQ/DRPIQ1000Result?licId=12011069
N012168100,https://lmspiq.fda.gov.tw/web/DRPIQ/DRPIQ1000Result?licId=12012168
N013550100,https://lmspiq.fda.gov.tw/web/DRPIQ/DRPIQ1000Result?licId=12013550
N014938100,https://lmspiq.fda.gov.tw/web/DRPIQ/DRPIQ1000Result?licId=12014938
N016803100,https://lmspiq.fda.gov.tw/web/DRPIQ/DRPIQ1000Result?licId=12016803
NC00141100,https://lmspiq.fda.gov.tw/web/DRPIQ/DRPIQ1000Result?licId=12000141
NC001411G0,https://lmspiq.fda.gov.tw/web/DRPIQ/DRPIQ1000Result?licId=12000141
NC001411GA,https://lmspiq.fda.gov.tw/web/DRPIQ/DRPIQ1000Result?licId=12000141
N005124100,https://lmspiq.fda.gov.tw/web/DRPIQ/DRPIQ1000Result?licId=12005124
N009215340,https://lmspiq.fda.gov.tw/web/DRPIQ/DRPIQ1000Result?licId=12009215
NC017521G0,https://lmspiq.fda.gov.tw/web/DRPIQ/DRPIQ1000Result?licId=12001752
NC01976209,https://lmspiq.fda.gov.tw/web/DRPIQ/DRPIQ1000Result?licId=12001976
NC02121100,https://lmspiq.fda.gov.tw/web/DRPIQ/DRPIQ1000Result?licId=12002121
NC02368100,https://lmspiq.fda.gov.tw/web/DRPIQ/DRPIQ1000Result?licId=12002368
NC02597100,https://lmspiq.fda.gov.tw/web/DRPIQ/DRPIQ1000Result?licId=12002597
NC02791100,https://lmspiq.fda.gov.tw/web/DRPIQ/DRPIQ1000Result?licId=12002791
NC027911G0,https://lmspiq.fda.gov.tw/web/DRPIQ/DRPIQ1000Result?licId=12002791
NC02967209,https://lmspiq.fda.gov.tw/web/DRPIQ/DRPIQ1000Result?licId=12002967
NC03659100,https://lmspiq.fda.gov.tw/web/DRPIQ/DRPIQ1000Result?licId=12003659
NC04385100,https://lmspiq.fda.gov.tw/web/DRPIQ/DRPIQ1000Result?licId=12004385
NC04499100,https://lmspiq.fda.gov.tw/web/DRPIQ/DRPIQ1000Result?licId=12004499
NC04799100,https://lmspiq.fda.gov.tw/web/DRPIQ/DRPIQ1000Result?licId=12004799
NC05616100,https://lmspiq.fda.gov.tw/web/DRPIQ/DRPIQ1000Result?licId=12005616
NC056161G0,https://lmspiq.fda.gov.tw/web/DRPIQ/DRPIQ1000Result?licId=12005616
NC05874100,https://lmspiq.fda.gov.tw/web/DRPIQ/DRPIQ1000Result?licId=12005874
NC05932100,https://lmspiq.fda.gov.tw/web/DRPIQ/DRPIQ1000Result?licId=12005932
NC059321G0,https://lmspiq.fda.gov.tw/web/DRPIQ/DRPIQ1000Result?licId=12005932
NC06528221,https://lmspiq.fda.gov.tw/web/DRPIQ/DRPIQ1000Result?licId=12006528
NC06780100,https://lmspiq.fda.gov.tw/web/DRPIQ/DRPIQ1000Result?licId=12006780
NC08039209,https://lmspiq.fda.gov.tw/web/DRPIQ/DRPIQ1000Result?licId=12008039
NC08138100,https://lmspiq.fda.gov.tw/web/DRPIQ/DRPIQ1000Result?licId=12008138
NC081381G0,https://lmspiq.fda.gov.tw/web/DRPIQ/DRPIQ1000Result?licId=12008138
NC09649417,https://lmspiq.fda.gov.tw/web/DRPIQ/DRPIQ1000Result?licId=12009649
NC11133417,https://lmspiq.fda.gov.tw/web/DRPIQ/DRPIQ1000Result?licId=12011133
NC11948100,https://lmspiq.fda.gov.tw/web/DRPIQ/DRPIQ1000Result?licId=12011948
NC13419100,https://lmspiq.fda.gov.tw/web/DRPIQ/DRPIQ1000Result?licId=12013419
NC134191G0,https://lmspiq.fda.gov.tw/web/DRPIQ/DRPIQ1000Result?licId=12013419
NC13913100,https://lmspiq.fda.gov.tw/web/DRPIQ/DRPIQ1000Result?licId=12013913
NC139131G0,https://lmspiq.fda.gov.tw/web/DRPIQ/DRPIQ1000Result?licId=12013913
NC15392100,https://lmspiq.fda.gov.tw/web/DRPIQ/DRPIQ1000Result?licId=12015392
NC16157100,https://lmspiq.fda.gov.tw/web/DRPIQ/DRPIQ1000Result?licId=12016157
NC161571G0,https://lmspiq.fda.gov.tw/web/DRPIQ/DRPIQ1000Result?licId=12016157
NC16332100,https://lmspiq.fda.gov.tw/web/DRPIQ/DRPIQ1000Result?licId=12016332
NC163321G0,https://lmspiq.fda.gov.tw/web/DRPIQ/DRPIQ1000Result?licId=12016332
NC16430421,https://lmspiq.fda.gov.tw/web/DRPIQ/DRPIQ1000Result?licId=12016430
NC164304A9,https://lmspiq.fda.gov.tw/web/DRPIQ/DRPIQ1000Result?licId=12016430
NC16648100,https://lmspiq.fda.gov.tw/web/DRPIQ/DRPIQ1000Result?licId=12016648
NC166481G0,https://lmspiq.fda.gov.tw/web/DRPIQ/DRPIQ1000Result?licId=12016648
VC00006100,https://lmspiq.fda.gov.tw/web/DRPIQ/DRPIQ1000Result?licId=20000006
VC00014209,https://lmspiq.fda.gov.tw/web/DRPIQ/DRPIQ1000Result?licId=20000014
VC00016138,https://lmspiq.fda.gov.tw/web/DRPIQ/DRPIQ1000Result?licId=20000016
VC00055100,https://lmspiq.fda.gov.tw/web/DRPIQ/DRPIQ1000Result?licId=70000055
VC00056100,https://lmspiq.fda.gov.tw/web/DRPIQ/DRPIQ1000Result?licId=70000056
VC00058100,https://lmspiq.fda.gov.tw/web/DRPIQ/DRPIQ1000Result?licId=70000058
WC00015221,https://lmspiq.fda.gov.tw/web/DRPIQ/DRPIQ1000Result?licId=71000015
X000037100,https://lmspiq.fda.gov.tw/web/DRPIQ/DRPIQ1000Result?licId=000037
X000047129,https://lmspiq.fda.gov.tw/web/DRPIQ/DRPIQ1000Result?licId=000047
X000067162,https://lmspiq.fda.gov.tw/web/DRPIQ/DRPIQ1000Result?licId=000067
X000213248,https://lmspiq.fda.gov.tw/web/DRPIQ/DRPIQ1000Result?licId=000213
X000231100,https://lmspiq.fda.gov.tw/web/DRPIQ/DRPIQ1000Result?licId=000231
