"#","Registration No / Notification No","Product Name","Holder"
"1","MAL11075003AZ","Promezine Syrup 1mg/ml.","Y.S.P. INDUSTRIES (M) SDN. BHD."
"2","MAL11115035TC","Decof Syrup","Alpha Bio Medic (M) Sdn Bhd"
"3","MAL12035057N","Seven Seas Iron Plus Syrup","PROCTER & GAMBLE (MALAYSIA ) SDN.BHD."
"4","MAL12055022AZ","PEACE DM SYRUP","Y.S.P. INDUSTRIES (M) SDN. BHD."
"5","MAL12055023AZ","Ceritec Syrup 1mg/ml","Y.S.P. INDUSTRIES (M) SDN. BHD."
"6","MAL12015003AZ","Fucon Syrup 1mg/ml","Y.S.P. INDUSTRIES (M) SDN. BHD."
"7","MAL14125121AZ","Phenylin syrup","PRIME PHARMACEUTICAL SDN. BHD."
"8","MAL12015019AZ","Diphendry Syrup","ROYCE PHARMA MANUFACTURING SDN. BHD."
"9","MAL12075056T","Hovid Erba SYRUP 35mg/5 ml","HOVID BERHAD"
"10","MAL13025048ACZ","Nuelin syrup 80mg/15ml","iNova Pharmaceuticals (Singapore) Pte Ltd (incorporated In Singapore) Malaysia Branch"
"11","MAL13055037T","Linkus Syrup Sugar Free","Herbion Sdn. Bhd."
"12","MAL14025009AZ","YSP Prednisolone Syrup 3mg/5ml","Y.S.P. INDUSTRIES (M) SDN. BHD."
"13","MAL12115070XZ","BISCOMIN SYRUP 4mg/5ml","MALAYSIAN PHARMACEUTICAL INDUSTRIES SDN. BHD."
"14","MAL13115205AZ","Phenadryl Syrup","Y.S.P. INDUSTRIES (M) SDN. BHD."
"15","MAL13095010T","DONG HUA CORDYCEPS CHUANBEI COUGH SYRUP PLUS","S.H. UNIFLEX CHINESE MEDICAL FACTORY SDN BHD"
"16","MAL13115166T","KOFOL SF SYRUP","BioCare Pharmaceutical (M) Sdn. Bhd."
"17","MAL15015045NC","CEELIN ZINC PLUS Apple Flavor Syrup","Zuellig Pharma Sdn. Bhd"
"18","MAL14105067T","WOODS' HERBAL COUGH SYRUP","KALBE MALAYSIA SDN BHD"
"19","MAL16015070AZ","Windexco PE Syrup","WINWA MEDICAL SDN. BHD."
"20","MAL18056072AZ","Loratyn Dry Syrup 1% w/w","HOVID BERHAD"
"21","MAL16015074AZ","hovid-Salbutamol Syrup 2mg/5ml (Sugar Free)","HOVID BERHAD"
"22","MAL16025025X","hovid-Paracetamol Syrup 120mg/5ml (Sugar Free)","HOVID BERHAD"
"23","MAL15015031NC","VitaHealth Kids Multivits + Lysine & Inulin Syrup (Orange Flavour)","VITAHEALTH BIOTECH SDN BHD"
"24","MAL16025046AZ","Actihist-Co PE Syrup (Sugar Free)","HOVID BERHAD"
"25","MAL18016144AZ","TRIDEX SYRUP","MALAYSIAN PHARMACEUTICAL INDUSTRIES SDN. BHD."
"26","MAL18026182AZ","Sedno Syrup 0.5mg/ml","MEDISPEC (M) SDN. BHD."
"27","MAL17035030AZ","Alatrol Syrup 5mg/5ml","MEDISPEC (M) SDN. BHD."
"28","MAL18016054AZ","RICAM SYRUP 5mg/5ml","HOVID BERHAD"
"29","MAL17015017X","Urilyte Syrup","WINWA MEDICAL SDN. BHD."
"30","MAL17107093AZ","Promethiol Syrup","Y.S.P. INDUSTRIES (M) SDN. BHD."
"31","MAL17097009TC","Hurix's Fever & Cold Syrup For Children (Improved)","JIN BIN CORPORATION SDN. BHD."
"32","MAL17035016TC","Hurix's Fluaway Syrup (Herbal) Improved","JIN BIN CORPORATION SDN. BHD."
"33","MAL19961847T","SHU KE LOU SYRUP","U-PIN MEDIC TRADING SDN. BHD."
"34","MAL19961848T","Ubat Batuk U-Pin Chuanbei Lingzhi Jin Syrup","U-PIN MEDIC TRADING SDN. BHD."
"35","MAL19961842T","CHUAN BEI LO HON KOR (SYRUP)","QD HERBS SDN. BHD."
"36","MAL19961843T","CHOONG CHU LU (SYRUP)","QD HERBS SDN. BHD."
"37","MAL19961043T","JKL COUGH SYRUP 120ML","ANHONG TRADING SDN. BHD."
"38","MAL20041135T","Dyna Yen Woh Pei Pa Mi Plus Syrup","DYNAPHARM HERBAL (M) SDN. BHD."
"39","MAL19950856T","Dyna Pamilu Children Cough Syrup","DYNAPHARM HERBAL (M) SDN. BHD."
"40","MAL19973206T","CHUAN PEI BIRD`S NEST CORDYCEPS ROYAL HONEY PLUS OTHER HERBA SYRUP CAP HENG HENG","JAYA MEDI SUPPLY"
"41","MAL19972456T","ANKERLIN (SYRUP)","QD HERBS SDN. BHD."
"42","MAL19987145T","UNECOF SYRUP","TEEPHAM MEDICAL SDN. BHD."
"43","MAL19970321T","LIVERECT SYRUP","Aspen Healthcare Sdn. Bhd."
"44","MAL19970178T","LOONG YEN COUGH SYRUP","DYNAPHARM HERBAL (M) SDN. BHD."
"45","MAL19971755T","YIN CHIUO COUGH SYRUP","BAN CHOON CHAN"
"46","MAL19971078T","PHEI PA ZHONG-ZHAO,YEN-WUO,FUNG-HUANG SYRUP","JAYA MEDI SUPPLY"
"47","MAL19984571T","Dyna Lingzhi Chong Cao Pi Pa Mi Plus Syrup","DYNAPHARM HERBAL (M) SDN. BHD."
"48","MAL19985376T","CHUANBEI PEI PA KOA WITH BIRD'S NEST & CORDYCEPS (ZHONG MA BRAND) SYRUP 300ML","ECOLITE BIOTECH MANUFACTURING SDN BHD"
"49","MAL19985385T","Shou Hsing Brand Chuanbei Pei Pa Koa with Cordyceps & Bird's Nest Syrup","BIOFACT LIFE SDN. BHD."
"50","MAL19985403T","HUACHI COUGH, SORE THROAT, PHLEGM AND BODY HEAT RELIEF SYRUP","PEMBEKALAN UBAT HUATHAI SDN. BHD."
"51","MAL19985398T","Huachi Bird-Nest, Luohanguo, Cordyceps & Chuanbei Plus Syrup","PEMBEKALAN UBAT HUATHAI SDN. BHD."
"52","MAL19972440T","Nutri-Home Cough Syrup","NUTRI-HOME PHARMACEUTICAL INDUSTRIES SDN. BHD."
"53","MAL19970187T","Zhi Ker Huang Cough Syrup","QD HERBS SDN. BHD."
"54","MAL19986764TC","CHUANBEY-JYU UBAT BATUK UNTUK KANAK-KANAK CAP FLOWERS BASKET (SYRUP)","YI YUAN  MEDICAL SUPPLY"
"55","MAL19971126T","BA FO COUGH SYRUP","YEWLIAN HERBS & HEALTH CARE TRADING SDN BHD"
"56","MAL19986762TC","UBAT BATUK YEN WOH DONG CAO PI PA LOO ( SYRUP)","KHENG HENG MEDICAL (M) SDN BHD"
"57","MAL19970814T","FA DAN LOO (SYRUP)","KHENG HENG MEDICAL (M) SDN BHD"
"58","MAL19971147TC","OJUS SYRUP","ZONTRON PHARMACEUTICALS SDN. BHD."
"59","MAL19971148TC","UNICOUGH SYRUP","ZONTRON PHARMACEUTICALS SDN. BHD."
"60","MAL19991658T","ZE KE RUN FEI GAU (SYRUP)","HERBAL LAND MANUFACTURING SDN BHD"
"61","MAL19985306T","BAN XIA LU (SYRUP)","CHINESE PATENT MEDICINES & MEDICATED LIQUORS CENTRE (PENANG) SDN. BHD."
"62","MAL19963195T","PROSPAN COUGH SYRUP","DELFI MARKETING SDN.BHD."
"63","MAL19990455TC","QU KE YOU SYRUP","HONYI TRADING"
"64","MAL19990794TC","SU DING COUGH SYRUP FOR CHILDREN","HONYI TRADING"
"65","MAL19992658T","DYNA CORDYCEPS PLUS (SYRUP)","DYNAPHARM HERBAL (M) SDN. BHD."
"66","MAL20000905T","BIOEASE SYRUP","HIMALAYA WELLNESS MALAYSIA SDN. BHD."
"67","MAL19993124TC","Yokoline Kids Cordy Coughflu Syrup","PERUSAHAAN JIN BIN SDN. BHD."
"68","MAL20001403T","TAYLOR PEPPERMINT PLUS SYRUP","WTH PHARMACEUTICAL SDN BHD"
"69","MAL20013249T","RENALKA SYRUP","HIMALAYA WELLNESS MALAYSIA SDN. BHD."
"70","MAL20012972TC","DAT'S KIT HONG MIXTURE SYRUP.","TAT SEO HEALTH FACTORY PLT"
"71","MAL20012968TC","DAT'S SAN HONG YOKE WONG (SYRUP)","TAT SEO HEALTH FACTORY PLT"
"72","MAL20034527T","DIARRET SYRUP","THE ZYFAS MEDICAL CO.,"
"73","MAL20032071T","CHUEN SEN XING REN SYRUP","Poh Guan Hong (1985) Sdn. Bhd"
"74","MAL20031999TC","UBAT BATUK CAP KO CHANG PAI SYRUP","LEN FA MEDICAL SUPPLIES (M) SDN BHD"
"75","MAL20034510T","ANNALAX HERBAL COUGH SYRUP","QD HERBS SDN. BHD."
"76","MAL20034695TC","Red Goose Brand Jongcao Skungee Cough Syrup","SHIN YI ENTERPRISE"
"77","MAL20034119T","QQ COUGH SYRUP","QD HERBS SDN. BHD."
"78","MAL20033765T","DHSB HEAT CLEARING, FEVER, COLD, COUGH & PHLEGM SYRUP","TJ-TYT PHARMACEUTICALS (M) SDN. BHD."
"79","MAL20033556T","KOFLET SYRUP","HIMALAYA WELLNESS MALAYSIA SDN. BHD."
"80","MAL20033838T","DYNA YEN-WO LING-ZHI CHONG-CAO CHUAN-BEI GAO PLUS SYRUP","DYNAPHARM HERBAL (M) SDN. BHD."
"81","MAL20034491TC","RED GOOSE BRAND YUNAM JONJAO COUGH SYRUP","SHIN YI ENTERPRISE"
"82","MAL05032570T","NCHK Cordyceps & Fritillaria Plus Cough Syrup 30ml","NCHK MEDICINE ENTERPRISE SDN BHD"
"83","MAL04112709T","Chong Chou Cough Syrup","QD HERBS SDN. BHD."
"84","MAL04091719TC","Wellrix""s Pao Shen Yan Wo Chong Cao Pi Pa Mi Plus Syrup","SMART WELLMIN SDN BHD"
"85","MAL05012362T","E-PLUS VYTA SYRUP (ORANGE FLAVOUR)","EASY PLUS PHARMACEUTICAL (M) SDN. BHD."
"86","MAL05012364T","E-PLUS  COUGH SYRUP PLUS HONEY & BIRD""S NEST","EASY PLUS PHARMACEUTICAL (M) SDN. BHD."
"87","MAL06011812T","SEA CUCUMBER PLUS SYRUP","DYNAPHARM HERBAL (M) SDN. BHD."
"88","MAL06011863T","HSIAO KEH CHUAN SYRUP","BUMARI SDN. BHD."
"89","MAL06091446T","MEDIKING FU FANG CHUAN BEI PIPA SYRUP","TJ-TYT PHARMACEUTICALS (M) SDN. BHD."
"90","MAL06081371TC","U-Line Children Cough Syrup","SIHAT MESRA SDN. BHD."
"91","MAL06081322TR","Pien Tze Huang Brand Chuan Bei Qing Fei Syrup","HAI-O MEDICINE SDN. BHD."
"92","MAL06081389T","FSH Zhi Ker Syrup","PEMBEKALAN UBAT HUATHAI SDN. BHD."
"93","MAL07050088T","Land Herbs Chuanbei Choong Chu Lu Plus (Syrup)","PEMBEKALAN UBAT HUATHAI SDN. BHD."
"94","MAL07061498TC","Bobo Kawelin Plus Syrup","TAT SEO HEALTH FACTORY PLT"
"95","MAL07061509TC","COFSUDIN SYRUP","TAT SEO HEALTH FACTORY PLT"
"96","MAL07061510TC","VITAGREEN BOBO COUGH SYRUP","TAT SEO HEALTH FACTORY PLT"
"97","MAL07082887T","Cordyceps Syrup Plus (timo Brand)","BIOFACT LIFE SDN. BHD."
"98","MAL07082888T","Greenherbs Pei Pa Koa with Bird�s Nest Plus Syrup","BIOFACT LIFE SDN. BHD."
"99","MAL07082889T","Yang Herbs Pei Pa Kao Herbal Syrup With Cordyceps & Bird's Nest","BIOFACT LIFE SDN. BHD."
"100","MAL09032003TC","ENSO Shuang Liao Yan Wo Plus Long Yen Lo Cough Syrup","SIHAT MESRA SDN. BHD."
"101","MAL07101292TC","BAN KAH CHAI GOLD BRAND CORDYCEPS LUO HAN GUO COUGH SYRUP PLUS","BAN KAH CHAI PHARMACEUTICAL SDN. BHD."
"102","MAL08031418T","Kaloba Syrup","DCH AURIGA (MALAYSIA) SDN. BHD."
"103","MAL08111846T","Wai Yoen Hong Sore throat, Cough relief Syrup","NUTRI-HOME PHARMACEUTICAL INDUSTRIES SDN. BHD."
"104","MAL09082815TC","Ban Kah Chai Heat-Clearing, Sore Throat and Phlegm-Reducing Cough Syrup","WAN YEEN TRADING SDN. BHD."
"105","MAL10070656T","Prospan F Cough Syrup","DELFI MARKETING SDN.BHD."
"106","MAL09100276T","Linkus syrup","Herbion Sdn. Bhd."
"107","MAL09082887T","Bio Herbal Cough Syrup","QD HERBS SDN. BHD."
"108","MAL09103037TC","KENRIXS PEPPERMINT PLUS COUGH SYRUP","Kenrixs Enterprise"
"109","MAL10110090T","ENTOBAN SYRUP","Herbion Sdn. Bhd."
"110","MAL10110091TC","Zhi Kor Ling (Syrup)","Eyh Fong Trading"
"111","MAL10063046T","Alfagin Plus Syrup","Herbion Sdn. Bhd."
"112","MAL10100080T","Intellan Plus Syrup","Herbion Sdn. Bhd."
"113","MAL10100083T","Vivabon Syrup","Herbion Sdn. Bhd."
"114","MAL10100084T","Bonjigar Syrup","Herbion Sdn. Bhd."
"115","MAL12040011T","E-Plus Flucough Syrup","EASY PLUS PHARMACEUTICAL (M) SDN. BHD."
"116","MAL11100022T","Sinupret Childrens Syrup","A. MENARINI SINGAPORE PTE. LTD."
"117","MAL15070029T","HARWANY GAMAT PLUS SYRUP","LEN FA MEDICAL SUPPLIES (M) SDN BHD"
"118","MAL15060007T","VITAHERB COLD AND COUGH SYRUP","WINWA MEDICAL SDN. BHD."
"119","MAL15040063T","Herbaton Gan Cao Chuan Bei Plus Syrup","WINWA MEDICAL SDN. BHD."
"120","MAL16060007T","Uneasthmin Syrup","BioCare Pharmaceutical (M) Sdn. Bhd."
"121","MAL16040025T","VITAHERB Ivy Leaf 35mg/5ml Syrup (Original Flavour)","WINWA MEDICAL SDN. BHD."
"122","MAL16040039T","VITAHERB Ivy Leaf 35mg/5ml Syrup (Cherry Flavour)","WINWA MEDICAL SDN. BHD."
"123","MAL19912158XZ","FEPRIL SYRUP 120MG/5ML","INSPIRAPHARMA SDN. BHD."
"124","MAL19911401XC","WOODS PEPPERMINT COUGH SYRUP","KALBE MALAYSIA SDN BHD"
"125","MAL19911403XC","WOODS PEPPERMINT COUGH SYRUP FOR CHILDREN","KALBE MALAYSIA SDN BHD"
"126","MAL19910627X","A.D. ORANGE SYRUP","DYNAPHARM (M) SDN. BHD."
"127","MAL19920118XC","GUAICOL SYRUP","ZONTRON PHARMACEUTICALS SDN. BHD."
"128","MAL19940582XCZ","BROVENT SYRUP 8MG/5ML","ZONTRON PHARMACEUTICALS SDN. BHD."
"129","MAL19912711X","UPHAVIT SYRUP","DUOPHARMA MANUFACTURING (BANGI) SDN. BHD."
"130","MAL19911408X","DIAMOND VITAMIN SYRUP","DYNAPHARM (M) SDN. BHD."
"131","MAL19986553X","DAILY-VITE MULTIVITAMIN SYRUP FOR CHILDREN","DYNAPHARM (M) SDN. BHD."
"132","MAL19991539XC","SEVEN SEAS MULTIVITAMIN SYRUP WITH COD LIVER OIL","PROCTER & GAMBLE (MALAYSIA ) SDN.BHD."
"133","MAL19991540XCE","SEVEN SEAS MULTIVITAMIN SYRUP","PROCTER & GAMBLE (MALAYSIA ) SDN.BHD."
"134","MAL20001614X","DYNA VITAMIN SYRUP","DYNAPHARM (M) SDN. BHD."
"135","MAL20013602X","APPETON WITH TAURINE SYRUP","KOTRA PHARMA (M) SDN. BHD."
"136","MAL20020545X","APPETON WITH LYSINE SYRUP","KOTRA PHARMA (M) SDN. BHD."
"137","MAL08042232XC","Pharmaton Kiddi CL Syrup","DKSH MALAYSIA SDN. BHD."
"138","MAL20071682XE","VITA ROBOVITES MULTI VITAMIN SYRUP","HERBAL SCIENCE SDN. BHD."
"139","MAL20101996XE","Lysome Syrup","UNISON NUTRACEUTICALS SDN. BHD."
"140","MAL10033197X","R.B. Tone Syrup","UNIMED SDN. BHD."
"141","MAL19992701AZ","EPILIM SYRUP 200MG/5ML","SANOFI-AVENTIS (MALAYSIA) SDN. BHD."
"142","MAL20001250ACRZ","TEGRETOL 100MG/5ML SYRUP","NOVARTIS CORPORATION (MALAYSIA) SDN. BHD."
"143","MAL05012317AZ","AERIUS Syrup 0.5 mg/ ml","ORGANON MALAYSIA SDN. BHD."
"144","MAL07010969ACRZ","Ventolin Syrup 2mg/5ml","GLAXOSMITHKLINE PHARMACEUTICAL SDN. BHD."
"145","MAL10080045ACSZ","Clarityne Syrup Grape 5mg/5ml","BAYER CO. (MALAYSIA) SDN. BHD."
"146","MAL19860099AZ","ALLERYL SYRUP 4MG/5ML","INSPIRAPHARMA SDN. BHD."
"147","MAL19860369AZ","HORAMINE SYRUP 4MG/5ML","HOVID BERHAD"
"148","MAL19860101AZ","CHLORAMINE SYRUP 4MG/5ML","DUOPHARMA MANUFACTURING (BANGI) SDN. BHD."
"149","MAL19860098AZ","CHLORAMINE SYRUP 2.5MG/5ML","DUOPHARMA MANUFACTURING (BANGI) SDN. BHD."
"150","MAL19860104AZ","Dexchloramine Syrup 2mg/5mL","DUOPHARMA MANUFACTURING (BANGI) SDN. BHD."
"151","MAL19860102AZ","ANTAMIN SYRUP 4MG/5ML","XEPA-SOUL PATTINSON (MALAYSIA) SDN. BHD."
"152","MAL19860097AZ","ALLER SYRUP 2.5MG/5ML","KCK PHARMACEUTICAL INDUSTRIES SDN. BHD."
"153","MAL19861155AZ","ANTIHIST SYRUP 4MG/5ML","PAHANG PHARMACY SDN. BHD."
"154","MAL19860260AZ","CORIFED  SYRUP","PAHANG PHARMACY SDN. BHD."
"155","MAL19871663AZ","COLIMIX SYRUP","XEPA-SOUL PATTINSON (MALAYSIA) SDN. BHD."
"156","MAL19870318AZ","NOVOMIN SYRUP 15MG/5ML","XEPA-SOUL PATTINSON (MALAYSIA) SDN. BHD."
"157","MAL19871056AZ","SALMODIL SYRUP","UNIMED SDN. BHD."
"158","MAL19870317AZ","Hydrinate Syrup 15mg/5ml","DUOPHARMA MANUFACTURING (BANGI) SDN. BHD."
"159","MAL19861150AZ","CHLORAMINE SYRUP 4MG/5ML","ROYCE PHARMA MANUFACTURING SDN. BHD."
"160","MAL19861154AZ","ALLERSIN SYRUP 4MG/5ML","SUNWARD PHARMACEUTICAL SDN. BHD."
"161","MAL19860261AZ","DECONDINE SYRUP","SUNWARD PHARMACEUTICAL SDN. BHD."
"162","MAL19870316AZ","SW Dimenhydrinate Syrup 15mg/5ml","SUNWARD PHARMACEUTICAL SDN. BHD."
"163","MAL19871901AZ","SW METOCLOPRAMIDE SYRUP 5MG/5ML","SUNWARD PHARMACEUTICAL SDN. BHD."
"164","MAL19861206AZ","POLARAX SYRUP 2MG/5ML","SUNWARD PHARMACEUTICAL SDN. BHD."
"165","MAL19871399AZ","POLARINE SYRUP","SUNWARD PHARMACEUTICAL SDN. BHD."
"166","MAL19870540AZ","PRELONE SYRUP 3MG/5ML","SUNWARD PHARMACEUTICAL SDN. BHD."
"167","MAL19860272AZ","SUNTUSS SYRUP","SUNWARD PHARMACEUTICAL SDN. BHD."
"168","MAL19860266AZ","TRIPRODINE SYRUP","ROYCE PHARMA MANUFACTURING SDN. BHD."
"169","MAL19880021ACZ","CHLORITON FORTE SYRUP 4MG/5ML","ZONTRON PHARMACEUTICALS SDN. BHD."
"170","MAL19890165AZ","ASMALIV SYRUP 2MG/5ML","XEPA-SOUL PATTINSON (MALAYSIA) SDN. BHD."
"171","MAL19880212AZ","BUTALINE SYRUP 1.5MG/5ML","DUOPHARMA MANUFACTURING (BANGI) SDN. BHD."
"172","MAL19910130AZ","TUSSINOL-N SYRUP","INSPIRAPHARMA SDN. BHD."
"173","MAL19890245ACZ","RESCANIL SYRUP 2MG/5ML","ZONTRON PHARMACEUTICALS SDN. BHD."
"174","MAL19890411ACZ","DIMERINE SYRUP 25MG/5ML","ZONTRON PHARMACEUTICALS SDN. BHD."
"175","MAL19890435ACZ","TUSSIFED SYRUP","ZONTRON PHARMACEUTICALS SDN. BHD."
"176","MAL19890516ACZ","EMECON SYRUP 5MG/5ML","ZONTRON PHARMACEUTICALS SDN. BHD."
"177","MAL19890601AZ","TRIPROLIDINE-P SYRUP","PRIME PHARMACEUTICAL SDN. BHD."
"178","MAL19890365AZ","PRIME'S PREDNISOLONE SYRUP 2.5MG/5ML","PRIME PHARMACEUTICAL SDN. BHD."
"179","MAL19890366AZ","METOCLODE SYRUP 5MG/5ML","PRIME PHARMACEUTICAL SDN. BHD."
"180","MAL19890367AZ","PRIME'S DEXTROMETHORPHAN SYRUP 15MG/5ML","PRIME PHARMACEUTICAL SDN. BHD."
"181","MAL19890241AZ","PRIME'S DEXCHLORAMINE SYRUP 2MG/5ML","PRIME PHARMACEUTICAL SDN. BHD."
"182","MAL19890238AZ","PRIME'S CHLORPHENIRAMINE SYRUP 4MG/5ML","PRIME PHARMACEUTICAL SDN. BHD."
"183","MAL19890567AZ","ASMIN SYRUP 2MG/5ML","PRIME PHARMACEUTICAL SDN. BHD."
"184","MAL19900593AZ","FEDAC SYRUP","DCH AURIGA (MALAYSIA) SDN. BHD."
"185","MAL19890527AZ","CHLORMINE SYRUP 4MG/5ML","DCH AURIGA (MALAYSIA) SDN. BHD."
"186","MAL19890528AZ","DHACOPAN SYRUP 5MG/5ML","DCH AURIGA (MALAYSIA) SDN. BHD."
"187","MAL19900592AZ","PHENEXPECT SYRUP","DCH AURIGA (MALAYSIA) SDN. BHD."
"188","MAL19900149AZ","ANTISMINE SYRUP 2MG/5ML","WINWA MEDICAL SDN. BHD."
"189","MAL19900412AZ","TRIDIN-P SYRUP","MALAYSIAN PHARMACEUTICAL INDUSTRIES SDN. BHD."
"190","MAL19900148AZ","PRIDRINATE SYRUP 25MG/5ML","PRIME PHARMACEUTICAL SDN. BHD."
"191","MAL19900433AZ","TERBRON SYRUP 1.5MG/5ML","MEDISPEC (M) SDN. BHD."
"192","MAL19900372AZ","PRITALIN SYRUP 1.5ML/5ML","PRIME PHARMACEUTICAL SDN. BHD."
"193","MAL19900380AZ","ASMALIN SYRUP 1.5MG/5ML","SUNWARD PHARMACEUTICAL SDN. BHD."
"194","MAL19900381AZ","SUNTHORPHAN SYRUP 15MG/5ML","SUNWARD PHARMACEUTICAL SDN. BHD."
"195","MAL19910027AZ","HYOSUN SYRUP","SUNWARD PHARMACEUTICAL SDN. BHD."
"196","MAL19910119AZ","ANVELIN SYRUP 1.5MG/5ML","XEPA-SOUL PATTINSON (MALAYSIA) SDN. BHD."
"197","MAL19910823AZ","DEXCHLORMINE SYRUP","DYNAPHARM (M) SDN. BHD."
"198","MAL19910824AZ","DYMENATE SYRUP 12.5MG/5ML","DYNAPHARM (M) SDN. BHD."
"199","MAL19910825AZ","DYNAPHAN SYRUP","DYNAPHARM (M) SDN. BHD."
"200","MAL19910170AZ","DYRITON SYRUP 4MG/5ML","DYNAPHARM (M) SDN. BHD."
"201","MAL19910171AZ","PREDSOLONE SYRUP","DYNAPHARM (M) SDN. BHD."
"202","MAL19910172AZ","SALTOLINE SYRUP","DYNAPHARM (M) SDN. BHD."
"203","MAL19910827AZ","DYNADRYL SYRUP","DYNAPHARM (M) SDN. BHD."
"204","MAL19910125AZ","WINDEXCO SYRUP","WINWA MEDICAL SDN. BHD."
"205","MAL19910126AZ","WINDEX SYRUP","WINWA MEDICAL SDN. BHD."
"206","MAL19910177AZ","PROLIDIN SYRUP","DYNAPHARM (M) SDN. BHD."
"207","MAL19910178AZ","DYNA TERBUTALINE SYRUP","DYNAPHARM (M) SDN. BHD."
"208","MAL19921585AZ","KETIFEN SYRUP","MEDISPEC (M) SDN. BHD."
"209","MAL19920988AZ","ASMAFEN SYRUP","XEPA-SOUL PATTINSON (MALAYSIA) SDN. BHD."
"210","MAL19930042AZ","TUSS-DEX SYRUP","PRIME PHARMACEUTICAL SDN. BHD."
"211","MAL19930043AZ","HYCOLIC SYRUP","PRIME PHARMACEUTICAL SDN. BHD."
"212","MAL19920517AZ","BUTYLIN SYRUP","HOVID BERHAD"
"213","MAL19920518AZ","ACTIHIST SYRUP","HOVID BERHAD"
"214","MAL19940068AZ","ACTIHIST-CO SYRUP","HOVID BERHAD"
"215","MAL19930519AZ","Dextrophan Syrup 15mg/5ml","DUOPHARMA MANUFACTURING (BANGI) SDN. BHD."
"216","MAL19940059AZ","KETOTIFEN SYRUP","HOVID BERHAD"
"217","MAL19930565AZ","U-KEFEN SYRUP 1MG/5ML","MALAYSIAN PHARMACEUTICAL INDUSTRIES SDN. BHD."
"218","MAL19940359AZ","ZYNATEN SYRUP","DYNAPHARM (M) SDN. BHD."
"219","MAL19950247AZ","SALCODYL SYRUP","DYNAPHARM (M) SDN. BHD."
"220","MAL19940726AZ","BREATHNINE SYRUP 2MG/5ML","SM PHARMACEUTICALS SDN. BHD."
"221","MAL19984404AZ","IBUFEN SYRUP","DYNAPHARM (M) SDN. BHD."
"222","MAL19987356AZ","BUCANIL SYRUP","Y.S.P. INDUSTRIES (M) SDN. BHD."
"223","MAL19985561AZ","PEACE SYRUP","Y.S.P. INDUSTRIES (M) SDN. BHD."
"224","MAL19962584AZ","ASUMALIFE SYRUP (1MG/5ML KETOTIFEN)","Y.S.P. INDUSTRIES (M) SDN. BHD."
"225","MAL19962583AZ","YSP Salbutamol Syrup 2mg/5ml","Y.S.P. INDUSTRIES (M) SDN. BHD."
"226","MAL19971331AZ","SUNEX COUGH SYRUP","SUNWARD PHARMACEUTICAL SDN. BHD."
"227","MAL19970977AZ","ZADIMIN SYRUP 1MG/5ML","PRIME PHARMACEUTICAL SDN. BHD."
"228","MAL19971379AZ","AXCEL KETOTIFEN SYRUP","KOTRA PHARMA (M) SDN. BHD."
"229","MAL19972991AZ","LASTUSS COUGH SYRUP 30MG/5ML","UNIMED SDN. BHD."
"230","MAL19986478AZ","ASMOL SYRUP 2MG/5ML","SUNWARD PHARMACEUTICAL SDN. BHD."
"231","MAL19991140AZ","AXCEL DICYCLOMINE-S SYRUP","KOTRA PHARMA (M) SDN. BHD."
"232","MAL19972482AZ","ERYMYCIN DRY SYRUP 200","DYNAPHARM (M) SDN. BHD."
"233","MAL19984390AZ","AXCEL CHLORPHENIRAMINE-2 SYRUP","KOTRA PHARMA (M) SDN. BHD."
"234","MAL19984387AZ","AXCEL DEXCHLORPHENIRAMINE FORTE SYRUP","KOTRA PHARMA (M) SDN. BHD."
"235","MAL19984391AZ","AXCEL CHLORPHENIRAMINE-4 SYRUP","KOTRA PHARMA (M) SDN. BHD."
"236","MAL19970284AZ","DEXTROPHAN SYRUP","ROYCE PHARMA MANUFACTURING SDN. BHD."
"237","MAL19986512AZ","ZADIPRO SYRUP","SUNWARD PHARMACEUTICAL SDN. BHD."
"238","MAL20021006AZ","NILCO SYRUP","INSPIRAPHARMA SDN. BHD."
"239","MAL19992586AZ","CORIFED DM SYRUP","PAHANG PHARMACY SDN. BHD."
"240","MAL19972939AZ","ACOLIC SYRUP","ROYCE PHARMA MANUFACTURING SDN. BHD."
"241","MAL20013122AZ","REXOLONE SYRUP","KCK PHARMACEUTICAL INDUSTRIES SDN. BHD."
"242","MAL19992588AZ","AXCEL SALBUTAMOL SYRUP","KOTRA PHARMA (M) SDN. BHD."
"243","MAL20033934AZ","SPADIN SYRUP","PAHANG PHARMACY SDN. BHD."
"244","MAL19990108AEZ","PEACEF SYRUP","Y.S.P. INDUSTRIES (M) SDN. BHD."
"245","MAL20002268AZ","AXCEL IBUPROFEN PAEDIATRIC SYRUP 100MG/5ML","KOTRA PHARMA (M) SDN. BHD."
"246","MAL19990605AZ","PROZINE SYRUP 5MG/5ML","SUNWARD PHARMACEUTICAL SDN. BHD."
"247","MAL20012739AZ","AXCEL TRIDINE SYRUP","KOTRA PHARMA (M) SDN. BHD."
"248","MAL20012740AZ","AXCEL DEXTROZINE SYRUP","KOTRA PHARMA (M) SDN. BHD."
"249","MAL20014319AZ","CAVUMOX SYRUP","SPG PHARMA (MALAYSIA) SDN BHD"
"250","MAL20021005AZ","ALLERYL SYRUP 2MG/5ML","INSPIRAPHARMA SDN. BHD."
"251","MAL20000219AZ","PHARMANIAGA PROMETHAZINE SYRUP 5 MG","PHARMANIAGA MANUFACTURING BERHAD"
"252","MAL20000675AZ","PHARMANIAGA DEXTROMETHORPHAN SYRUP 15 MG","PHARMANIAGA MANUFACTURING BERHAD"
"253","MAL20020883AZ","LORATEN SYRUP 5MG/5ML","SM PHARMACEUTICALS SDN. BHD."
"254","MAL20020537AZ","RHINITIN SYRUP","Noripharma Sdn. Bhd."
"255","MAL20040097AZ","PAEDICOF SYRUP","SUNWARD PHARMACEUTICAL SDN. BHD."
"256","MAL20040100AZ","MENDICOF SYRUP","SUNWARD PHARMACEUTICAL SDN. BHD."
"257","MAL20021421AZ","AXCEL LORATADINE SYRUP","KOTRA PHARMA (M) SDN. BHD."
"258","MAL20051379AZ","DHASEDYL DM SYRUP","DCH AURIGA (MALAYSIA) SDN. BHD."
"259","MAL20020811AZ","AXCEL PROMETHAZINE-5 SYRUP","KOTRA PHARMA (M) SDN. BHD."
"260","MAL20021012AZ","LORADINE SYRUP 1MG/ML","Y.S.P. INDUSTRIES (M) SDN. BHD."
"261","MAL20034603AZ","SUNADINE SYRUP 5MG/5ML","SUNWARD PHARMACEUTICAL SDN. BHD."
"262","MAL20040221AZ","SUNIZINE SYRUP 5MG/5ML","SUNWARD PHARMACEUTICAL SDN. BHD."
"263","MAL20040893AZ","AXCEL CETIRIZINE SYRUP 5MG/5ML","KOTRA PHARMA (M) SDN. BHD."
"264","MAL20040212AZ","URTIRIZINE SYRUP 5MG/5ML","MALAYSIAN PHARMACEUTICAL INDUSTRIES SDN. BHD."
"265","MAL06021205AZ","Dexfen Syrup","STERILINE SDN. BHD."
"266","MAL05041880AZ","Aseptone Syrup 5mg/ml","DUOPHARMA MANUFACTURING (BANGI) SDN. BHD."
"267","MAL05092222AZ","Mucoease Plus Syrup","PHARMANIAGA MANUFACTURING BERHAD"
"268","MAL05101679ACZ","Pabron Cough & Sinus Syrup","HOE PHARMACEUTICALS SDN. BHD."
"269","MAL05101680ACZ","Pabron Cough-D Syrup","HOE PHARMACEUTICALS SDN. BHD."
"270","MAL08111761ACZ","Butexine Syrup","ZONTRON PHARMACEUTICALS SDN. BHD."
"271","MAL06081197AZ","Predsone Syrup 3mg/5ml","PAHANG PHARMACY SDN. BHD."
"272","MAL07031083AZ","Dynalexin Dry Syrup 125MG/5ML","DYNAPHARM (M) SDN. BHD."
"273","MAL07031092AZ","Dynalexin Dry Syrup 250MG/5ML","DYNAPHARM (M) SDN. BHD."
"274","MAL06071066AZ","Prozine 10 Syrup    10mg/5ml","SUNWARD PHARMACEUTICAL SDN. BHD."
"275","MAL08042449AZ","Prome 5mg/5ml Syrup","Noripharma Sdn. Bhd."
"276","MAL08042450AZ","Prome 10mg/5ml Syrup","Noripharma Sdn. Bhd."
"277","MAL07031102AZ","Acticol Syrup","STERILINE SDN. BHD."
"278","MAL07031103AZ","Acticol DM Syrup","STERILINE SDN. BHD."
"279","MAL06111328AZ","CLOXACILLA POWDER FOR SYRUP 125 MG / 5 ML","INSPIRAPHARMA SDN. BHD."
"280","MAL09020959AZ","Carbosol plus syrup","PRIME PHARMACEUTICAL SDN. BHD."
"281","MAL07010953AZ","Mucorid-P Syrup","STERILINE SDN. BHD."
"282","MAL07082854AZ","Unival Syrup 200mg/5ml","MEDIDATA SDN. BHD."
"283","MAL07090910AZ","TOLBIN  EXPECTORANT SYRUP","MEDISPEC (M) SDN. BHD."
"284","MAL07050044AZ","Allermine Syrup 4mg/5ml","WINWA MEDICAL SDN. BHD."
"285","MAL06081185AZ","Alphadone Syrup 5mg/ml","ROYCE PHARMA MANUFACTURING SDN. BHD."
"286","MAL06081186AZ","Alphadone Syrup 10mg/ml","ROYCE PHARMA MANUFACTURING SDN. BHD."
"287","MAL07050906AZ","Avaphen Cough Syrup (Raspberry Flavour)","AV MANUFACTURING SDN.BHD"
"288","MAL09032000AZ","Clamentin powder for syrup 31.25mg/ml","Y.S.P. INDUSTRIES (M) SDN. BHD."
"289","MAL08061561AZ","UNIHIST  SYRUP","MEDISPEC (M) SDN. BHD."
"290","MAL09051539AZ","CETIHIS SYRUP 5MG/5ML","MEDISPEC (M) SDN. BHD."
"291","MAL08010745AZ","Winadryl Expectorant Syrup","WINWA MEDICAL SDN. BHD."
"292","MAL08042468AZ","Anprodryl Syrup","MALAYSIAN PHARMACEUTICAL INDUSTRIES SDN. BHD."
"293","MAL09032004AZ","CP Cough Syrup","HOVID BERHAD"
"294","MAL08111799AZ","Cetiz syrup 0.1% w/v","AV MANUFACTURING SDN.BHD"
"295","MAL08042472AZ","Dexmin Syrup 2mg/5ml","STERILINE SDN. BHD."
"296","MAL08031395AZ","SW METHADONE SYRUP 5MG/ML","SUNWARD PHARMACEUTICAL SDN. BHD."
"297","MAL09100270AZ","ADECURE SYRUP 5MG/ML","MALAYSIAN PHARMACEUTICAL INDUSTRIES SDN. BHD."
"298","MAL10063016AZ","AMITONE 1 mg/ 5 mL Syrup","MEDISPEC (M) SDN. BHD."
"299","MAL10100134AZ","XILONE Syrup 5 mg / 5 ml","Pharco Health Sdn. Bhd"
"300","MAL20132279AZ","Salmodil-SF Expectorant Syrup","UNIMED SDN. BHD."
"301","MAL20142417AEZ","CETIRIZINE SYRUP 5MG/5ML","HOVID BERHAD"
"302","MAL19911138XZ","PARMOL 120 SYRUP","HOVID BERHAD"
"303","MAL19962480XZ","MILI SYRUP 120MG/5ML","KCK PHARMACEUTICAL INDUSTRIES SDN. BHD."
"304","MAL19962481XZ","MILI SYRUP 250MG/5ML","KCK PHARMACEUTICAL INDUSTRIES SDN. BHD."
"305","MAL19912104X","AMCOSOL SYRUP 30MG/5ML","PRIME PHARMACEUTICAL SDN. BHD."
"306","MAL19912112X","CARBOSOL SYRUP 125MG/5ML","PRIME PHARMACEUTICAL SDN. BHD."
"307","MAL19912101XZ","Pritamol Syrup 250mg/5ml","PRIME PHARMACEUTICAL SDN. BHD."
"308","MAL19912117XZ","PRIHEXINE SYRUP 4MG/5ML","PRIME PHARMACEUTICAL SDN. BHD."
"309","MAL19912072X","GUAISIN SYRUP","PRIME PHARMACEUTICAL SDN. BHD."
"310","MAL19930227X","Prime's Peppermint Syrup","PRIME PHARMACEUTICAL SDN. BHD."
"311","MAL19912114X","PRIMECON SYRUP 50MG/5ML","PRIME PHARMACEUTICAL SDN. BHD."
"312","MAL19910654XZ","DYNAMOL SYRUP 120MG/5ML","DYNAPHARM (M) SDN. BHD."
"313","MAL19920097X","DYNA COUGH SYRUP","DYNAPHARM (M) SDN. BHD."
"314","MAL19920833X","LYCOMINE SYRUP","SUNWARD PHARMACEUTICAL SDN. BHD."
"315","MAL19920834X","MUCODIN SYRUP 250MG/5ML","SUNWARD PHARMACEUTICAL SDN. BHD."
"316","MAL19910346XZ","AXINE SYRUP 4MG/5ML","ROYCE PHARMA MANUFACTURING SDN. BHD."
"317","MAL19910342XZ","REDON SYRUP 250MG/5ML","ROYCE PHARMA MANUFACTURING SDN. BHD."
"318","MAL19910340XZ","REDAMOL 120 SYRUP","ROYCE PHARMA MANUFACTURING SDN. BHD."
"319","MAL19940190XCZ","PANAMOL SYRUP 120MG/5ML","TERAPUTICS SDN BHD"
"320","MAL19940191XCZ","PANAMOL SYRUP 250MG/5ML","ZONTRON PHARMACEUTICALS SDN. BHD."
"321","MAL19940182XC","GUAICOM COUGH SYRUP 100MG/5ML","ZONTRON PHARMACEUTICALS SDN. BHD."
"322","MAL19912822X","COLIN COUGH SYRUP","WINWA MEDICAL SDN. BHD."
"323","MAL19912817XZ","WINPAMOL SYRUP 120MG/5ML","WINWA MEDICAL SDN. BHD."
"324","MAL19912816XZ","WINCEMOL SYRUP 120MG/5ML","WINWA MEDICAL SDN. BHD."
"325","MAL19912819XZ","WINMOTAN SYRUP PARACETAMOL 250MG/5ML","WINWA MEDICAL SDN. BHD."
"326","MAL19912799X","LOAN YAN HO-CHOW SYRUP","WINWA MEDICAL SDN. BHD."
"327","MAL19910914XC","RHINATHIOL 2% CHILDREN SYRUP","DKSH MALAYSIA SDN. BHD."
"328","MAL19910983XC","RHINATHIOL 5% ADULT EXPECTORANT SYRUP","DKSH MALAYSIA SDN. BHD."
"329","MAL19911911XZ","MALTOFER SYRUP","ZUELLIG PHARMA SDN. BHD."
"330","MAL19911434XZ","AXCEL PARACETAMOL 120MG SYRUP (CHERRY)","KOTRA PHARMA (M) SDN. BHD."
"331","MAL19911419XZ","AXCEL BROMHEXINE (CHILDREN) SYRUP","KOTRA PHARMA (M) SDN. BHD."
"332","MAL19912692XZ","Uphacol Bromhexine HCl Syrup 4mg/5ml","DUOPHARMA MANUFACTURING (BANGI) SDN. BHD."
"333","MAL19912693X","SCMC PLUS SYRUP 250MG/5ML","DUOPHARMA MANUFACTURING (BANGI) SDN. BHD."
"334","MAL19912686XZ","Uphamol 120 Infant Syrup 120mg/5ml (Orange)","DUOPHARMA MANUFACTURING (BANGI) SDN. BHD."
"335","MAL19911701X","AMXOL SYRUP 30MG/5ML","MEDISPEC (M) SDN. BHD."
"336","MAL19921431XZ","DUPHALAC SYRUP","ABBOTT LABORATORIES (M) SDN. BHD."
"337","MAL19990611X","REXOM WINACOL SYRUP FOR CHILDREN","KCK PHARMACEUTICAL INDUSTRIES SDN. BHD."
"338","MAL19991909X","REXOM WINACOL SYRUP FOR ADULT","KCK PHARMACEUTICAL INDUSTRIES SDN. BHD."
"339","MAL20001061X","MUCOCLEAR SYRUP","SUNWARD PHARMACEUTICAL SDN. BHD."
"340","MAL20040247XZ","DHACTULOSE SYRUP","DCH AURIGA (MALAYSIA) SDN. BHD."
"341","MAL20041179XZ","AXCEL PARACETAMOL 120 (BANANA) SYRUP","KOTRA PHARMA (M) SDN. BHD."
"342","MAL06041435XC","Pabron Cough Syrup 250mg/5ml","HOE PHARMACEUTICALS SDN. BHD."
"343","MAL06041436XC","Pabron Kids Cough Syrup 100mg/5ml","HOE PHARMACEUTICALS SDN. BHD."
"344","MAL07081475XC","FLUIFORT�  Syrup  9g/100ml","EURODRUG LABORATORIES (M) SDN. BHD."
"345","MAL07050195X","AMTUSS  (Syrup )","MEDISPEC (M) SDN. BHD."
"346","MAL07091035XZ","Dysolvon Syrup (Raspberry)","DYNAPHARM (M) SDN. BHD."
"347","MAL07091084X","Beecolin Expectorant Syrup","WINWA MEDICAL SDN. BHD."
"348","MAL07122841X","Homecare Guafensin Syrup 20mg/ml","Y.S.P. INDUSTRIES (M) SDN. BHD."
"349","MAL08111834XZ","Uphamol 120 Infant Syrup 120mg/5ml (Strawberry)","DUOPHARMA MANUFACTURING (BANGI) SDN. BHD."
"350","MAL10100040XC","EUROFER�-iron syrup","EURODRUG LABORATORIES (M) SDN. BHD."
"351","MAL12050010X","MUCERA Syrup 15mg/5ml","THE ZYFAS MEDICAL CO.,"
"352","MAL16070004T","DXN LIGNOSUS PLUS SYRUP","DXN PHARMACEUTICAL SDN. BHD."
"353","MAL16060049TC","Hurix�s Cold Fever Relief Syrup For Kids","JIN BIN CORPORATION SDN. BHD."
"354","MAL11030093AZ","LEVOZIN Syrup 2.5mg/5ml (Levocetirizine Dihydrochloride Syrup)","UNIMED SDN. BHD."
"355","MAL11010031AZ","Zifi Dry Syrup 100 mg/5 ml","UNIMED SDN. BHD."
"356","MAL17020004TC","LAGUNDEX LAGUNDI 300MG/5ML SYRUP - SWEET LEMON - ORANGE  FLAVOR","FARMACO HEALTHCARE SDN. BHD."
"357","MAL17010019TC","Lagundex Lagundi Forte 600mg/5ml Syrup - Soothing Mint","FARMACO HEALTHCARE SDN. BHD."
"358","MAL17020018TC","Takaho Peppermint Plus Syrup","WENG THYE HENG SDN. BHD."
"359","MAL20172730T","Herbaton Yang Yin Zhi Ke Syrup","WINWA MEDICAL SDN. BHD."
"360","MAL06021261XZ","Saferon Syrup","Glenmark Pharmaceuticals (Malaysia) Sdn. Bhd."
"361","MAL20172699XCE","Leftose Syrup","UNISON NUTRACEUTICALS SDN. BHD."
"362","MAL17040009TC","Leung Pui Kee Ke Shou Syrup","WENG THYE HENG SDN. BHD."
"363","MAL17127012T","V-Lief Cough Syrup","Duopharma Marketing Sdn. Bhd."
"364","MAL17097019N","APPETON MV LYSINE SYRUP","KOTRA PHARMA (M) SDN. BHD."
"365","MAL06071081AZ","MUCOPROM SYRUP","XEPA-SOUL PATTINSON (MALAYSIA) SDN. BHD."
"366","MAL18036162T","FOLIO SYRUP","MALAYSIAN PHARMACEUTICAL INDUSTRIES SDN. BHD."
"367","MAL17106085T","timo Brefwell Herbal Cough Syrup","BIOFACT LIFE SDN. BHD."
"368","MAL18086053T","Herbion Cough Relief Syrup","Herbion Sdn. Bhd."
"369","MAL19056030AZ","ANTIHIST JUNIOR SYRUP 2mg/5ml","Noripharma Sdn. Bhd."
"370","MAL18036094T","Ferosum Syrup","UNIMED SDN. BHD."
"371","MAL17116035T","VITAHERB Bromcof Herbal Syrup","WINWA MEDICAL SDN. BHD."
"372","MAL18026042N","Appeton MV Hi-Q Taurine Syrup","KOTRA PHARMA (M) SDN. BHD."
"373","MAL18056045TC","Hurix's 600 FluCough Syrup Improved","JIN BIN CORPORATION SDN. BHD."
"374","MAL18046127XZ","Acetamol Syrup 120mg/5ml","Noripharma Sdn. Bhd."
"375","MAL18026159T","VITAHERB COLD AND COUGH Kids SYRUP","WINWA MEDICAL SDN. BHD."
"376","MAL18086041TC","Hurix's Gastro Aid Syrup","JIN BIN CORPORATION SDN. BHD."
"377","MAL18066025TC","Hurix's My-Kids Appetizer Syrup (Apple Flavor)","JIN BIN CORPORATION SDN. BHD."
"378","MAL18026076NE","Nutravit Syrup","Hovid Pharmacy Sdn. Bhd."
"379","MAL18036092NE","Appeton Multivitamin Lysine Syrup","KOTRA PHARMA (M) SDN. BHD."
"380","MAL18056059T","IVYCO Syrup","WINWA MEDICAL SDN. BHD."
"381","MAL18076083TC","Hurix's Gamat Plus Syrup with Ivy Leaf","JIN BIN CORPORATION SDN. BHD."
"382","MAL18096083TC","Hurix's Bird's Nest Plus Syrup For Kids","JIN BIN CORPORATION SDN. BHD."
"383","MAL18106117T","DYNA HERBAL TONIC SYRUP","Diamond Interest Sdn Bhd"
"384","MAL19096028AZ","DESTACURE (Desloratadine Syrup 2.5mg/5ml)","HEALOL PHARMACEUTICALS SDN. BHD."
"385","MAL18126048T","Jetrapex Syrup","UNIMED SDN. BHD."
"386","MAL19016050TC","Hurix's 600 Fluaway Syrup","JIN BIN CORPORATION SDN. BHD."
"387","MAL18126051T","Three Legs Pi Pa Plus Syrup","SYARIKAT WEN KEN DRUG SDN. BHD."
"388","MAL18046051NE","Appeton Multivitamin Hi-Q Taurine Syrup","KOTRA PHARMA (M) SDN. BHD."
"389","MAL18096019TC","Hurix's Kids Cough Syrup with Ivy Leaf Extract Plus (Mixed Berries Flavour)","JIN BIN CORPORATION SDN. BHD."
"390","MAL18116037TC","IVISPAN (Ivy Leaf 7mg/mL Cough Syrup)","HEALOL PHARMACEUTICALS SDN. BHD."
"391","MAL20046107AZ","Deslova (Desloratadine Syrup 2.5mg/ 5ml)","Synergy Meditech (M) Sdn Bhd"
"392","MAL20026062AZ","REXOM UNIZET SYRUP","KCK PHARMACEUTICAL INDUSTRIES SDN. BHD."
"393","MAL19116065T","JOS-PAN Oral Cough Syrup","PERNIAGAAN NORMAHAS SDN. BHD."
"394","MAL19086011X","IROFAS Syrup","Synercam (M) Sdn Bhd"
"395","MAL19046078T","EZE IVY SYRUP (Dried Ivy Leaf Extract 7mg/ml)","Synergy Meditech (M) Sdn Bhd"
"396","MAL19046044TC","Tai Fong Cordyceps Chuanbei Pi Pa Luo Han Plus Syrup","SMART WELLMIN SDN BHD"
"397","MAL19046108TC","Tai Fong Pao Shen Cordyceps Plus Long Yen Lo Syrup","SMART WELLMIN SDN BHD"
"398","MAL19066032TC","Agash Syrup","AGATHIYAR TRADITIONAL TREATMENT TEACHING CENTRE SDN. BHD."
"399","MAL19096088T","Himalaya Septilin Syrup","HIMALAYA WELLNESS MALAYSIA SDN. BHD."
"400","MAL19076070T","VIRGO Kafnorm Cough & Throat Irritation Relief Syrup","UNITED HERBAL SDN BHD"
"401","MAL19106046T","Three Legs Herbal Cough Relief Syrup","SYARIKAT WEN KEN DRUG SDN. BHD."
"402","MAL20126125ACZ","Medidyl Cough Syrup","World Medicare Supplies Sdn Bhd"
"403","MAL19106043TC","J.B. Cough Syrup (Peppermint Flavour)","JIN BIN CORPORATION SDN. BHD."
"404","MAL19036018XE","Neuflo Syrup 5mg/ml","Y.S.P. INDUSTRIES (M) SDN. BHD."
"405","MAL19106048T","Nabisar COUGH SYRUP","CAMBRIDGE BIOTEK SDN BHD"
"406","MAL20076042AZ","SALMODEX SYRUP","KCK PHARMACEUTICAL INDUSTRIES SDN. BHD."
"407","MAL19106053T","LAGUN FACT'R SYRUP (Fever, Cough and Cold)","Vital & Living Pharmacy Sdn Bhd"
"408","MAL19126075TC","COUGH AM SYRUP","Synercam (M) Sdn Bhd"
"409","MAL20066126T","TUSEASE SYRUP","PHARMEX SDN BHD"
"410","MAL20036055T","Ivytus Syrup 35mg/5 ml","MEDISPEC (M) SDN. BHD."
"411","MAL20056078TC","WINDOSE Syrup","PERNIAGAAN NORMAHAS SDN. BHD."
"412","MAL21126003AZ","Actilor Syrup 2.5 mg/ 5 ml","MEDISPEC (M) SDN. BHD."
"413","MAL19126048N","VITASEN Dilyvita Vitamin A, D & C Syrup","WINWA MEDICAL SDN. BHD."
"414","MAL20056062T","ALLERSOL SYRUP","PHARMEX SDN BHD"
"415","MAL20076177T","KIDEASE SYRUP","PHARMEX SDN BHD"
"416","MAL20036038T","Cofsil Herbal Cough Syrup","Farmasi R.S. Sdn Bhd"
"417","MAL20036035TC","TRAZIL COUGH SYRUP","NVS REGULATORY SERVICES SDN BHD"
"418","MAL20076138N","Appeton Lysinex Syrup","KOTRA PHARMA (M) SDN. BHD."
"419","MAL20066042N","Appeton Hi-Q Syrup","KOTRA PHARMA (M) SDN. BHD."
"420","MAL20076164T","Unimomet Syrup","UNIMED SDN. BHD."
"421","MAL20126015AZ","CARIDINE SYRUP 0.5mg/ml","Duopharma Marketing Sdn. Bhd."
"422","MAL20126017ACZ","Levocet syrup 0.5mg/ml","Asumed Biotech Sdn. Bhd."
"423","MAL20096108T","Vasu Healthcare Vaural Syrup","UNIMED SDN. BHD."
"424","MAL21026037ACZ","Medizine Syrup 5mg/5mL","World Medicare Supplies Sdn Bhd"
"425","MAL20066011X","CITREX COUGH SYRUP 100MG/5ML","INSPIRAPHARMA SDN. BHD."
"426","MAL20076100TC","MegaLive Herbikof Cough & Cold Syrup","MegaLive BioSciences Sdn Bhd"
"427","MAL20106146T","VITAHERB Berrycol Syrup (Original Flavour)","WINWA MEDICAL SDN. BHD."
"428","MAL20076167TC","Kolief Cough Syrup","SBL HEALTHCARE SDN BHD"
"429","MAL20126100T","VITAHERB Elderberry Plus Syrup (Original Flavour)","WINWA MEDICAL SDN. BHD."
"430","MAL20116075T","EXCELAB RESPILIF SYRUP","EXCEL HERBAL INDUSTRIES SDN. BHD."
"431","MAL21016100T","Pokenlin Brand Chien Kang Chiang Bird's Nest Plus Syrup","SHANGHAI CHATLIN PHARMACEUTICAL COMPANY"
"432","MAL21036012XC","HAEMO XL SYRUP (IRON (III) HYDROXIDE POLYMALTOSE COMPLEX)","UNIMED SDN. BHD."
"433","MAL21096110TC","STIMUNO Syrup (Orange Strawberry Flavor)","DELFI MARKETING SDN.BHD."
"434","MAL21036096TC","Hurix's Gamat Plus Syrup","JIN BIN CORPORATION SDN. BHD."
"435","MAL21026070T","DXN Lighoney Syrup","DXN PHARMACEUTICAL SDN. BHD."
"436","MAL20116135NC","Eldon Nutrition mamarine KIDS OMEGA-3 FISH OIL & LYSINE PLUS SYRUP","ELDON HEALTHCARE SDN. BHD."
"437","MAL21046087TC","RICOPAN IVY LEAF EXTRACT SYRUP 35MG/5ML","Powerlife (M) Sdn. Bhd."
"438","MAL21096107T","Homecare Hedelix Cough Syrup","Y.S.P. INDUSTRIES (M) SDN. BHD."
"439","MAL21076085T","Memomet Syrup","PHARMEX SDN BHD"
"440","MAL21066128TC","Aetos Ivy Leaves Extract Syrup 35mg/5mL","ABIOTIDE SDN. BHD."
"441","MAL21116031XZ","Actimol Syrup 120mg/5mL","INSPIRAPHARMA SDN. BHD."
"442","MAL21076075T","apotec Tigrix Syrup","Bioalpha International Sdn. Bhd."
"443","MAL21096099T","ROHINI RAYARI ROYAL LADY SYRUP","ELPAR HERBS SDN. BHD."
"444","MAL22016115T","CLEVORA SYRUP","UNIMED SDN. BHD."
"445","MAL22116013AZ","COLDNIL Dry Cough & Congestion Relief Syrup","KCK PHARMACEUTICAL INDUSTRIES SDN. BHD."
"446","MAL23046021AZ","Axcel Prednisolone 5mg/5ml Syrup","KOTRA PHARMA (M) SDN. BHD."
"447","MAL22116073T","RE-PLAT SYRUP","Herbion Sdn. Bhd."
"448","MAL23086011AZ","SINARDRYL SYRUP","DYNAPHARM MARKETING (M) SDN BHD"
"449","MAL22056076T","VITAHERB MELLOTHYME Syrup","WINWA MEDICAL SDN. BHD."
"450","MAL22036117T","VITAHERB MELLOVY Syrup","WINWA MEDICAL SDN. BHD."
"451","MAL22046113TC","LIONBALL YANGXUE DANGGUI SYRUP","NANG HIN MEDICAL SDN. BHD."
"452","MAL22056065TC","MEDUS Cold & Fever Syrup","STELLAR BIO SDN BHD"
"453","MAL22056079TC","MEDUS G-lox Syrup","STELLAR BIO SDN BHD"
"454","MAL22046127TC","MEDUS Sore Throat Syrup","STELLAR BIO SDN BHD"
"455","MAL22056074TC","Novexiz VIROFIT Extra Syrup","AMIPRO SDN. BHD."
"456","MAL23026021AZ","Curekuf  W Cough Syrup","SM PHARMACEUTICALS SDN. BHD."
"457","MAL22096115TC","BLACK G Black Ginger Plus Essence Syrup","BLACK G SDN BHD"
"458","MAL22126197T","Entocid Syrup","Herbion Sdn. Bhd."
"459","MAL22076134TC","MEDUS Cough Syrup with Honey","STELLAR BIO SDN BHD"
"460","MAL23016141TC","Hurix's Bird's Nest Ginseng Plus Essence (Syrup)","J. B. M. H. SDN. BHD."
"461","MAL23016166T","EM-CORF IVY LEAF EXTRACT SYRUP 650MG/100ML","CHER MANUFACTURING ENTERPRISE"
"462","MAL23066100T","ZANDU ZEFS COUGH SYRUP","UNIMED SDN. BHD."
"463","MAL23056134T","Reslar SYRUP","PERNIAGAAN NORMAHAS SDN. BHD."
"464","MAL23086023XCS","WOODS PEPPERMINT COUGH SYRUP","KALBE MALAYSIA SDN BHD"
"465","MAL23046180T","Eugica Ivy Syrup (DRIED IVY LEAF EXTRACT 38.47MG/5ML)","MEGA LIFESCIENCES SDN. BHD."
"466","MAL23086038NC","PN:Kids M-21 Multivitamin + Mineral with Lysine Plus Syrup","MOMENT GLOBAL SDN. BHD."
"467","MAL24066020AZ","HOVID KETOTIFEN SYRUP 1MG / 5ML (SUGAR FREE)","HOVID BERHAD"
"468","MAL23066099TC","Sin Chee Sang Tiger Milk Mushroom Cordyceps Plus Syrup","IT GOOD PHARMACY SDN. BHD."
"469","MAL23076117TC","BioWell Cough & Cold Syrup","SSJ PHARMA SDN BHD"
"470","MAL24056088ACZ","AVICET SYRUP 0.1%W/V","Advance Pharma Sdn Bhd"
"471","MAL23056128TC","Hedervy Cough Syrup Original Flavour","YM CARE SUPPLIES (M) SDN. BHD."
"472","MAL24076024ACZ","AVEXA Avenez Syrup 0.5mg/ml","Abio Marketing Sdn Bhd"
"473","MAL23086108TC","Tai Fong Gamat & Bo He Plus Herbal Syrup","SMART WELLMIN SDN BHD"
"474","MAL23106123TC","Hurix's CoRelief Syrup For Kids","JIN BIN CORPORATION SDN. BHD."
"475","MAL23106106TC","EMCOF-SF  (Herbal Cough Syrup)","BioCare Pharmaceutical (M) Sdn. Bhd."
"476","MAL23086097TC","Hedervy  Cold & Cough Syrup","YM CARE SUPPLIES (M) SDN. BHD."
"477","MAL24016160T","Three Legs Provylief Cough Syrup","SYARIKAT WEN KEN DRUG SDN. BHD."
"478","MAL24016142T","RED-G BEJO HERBAL JAHE MERAH PLUS SYRUP","KALBE MALAYSIA SDN BHD"
"479","MAL23106136T","Three Legs Ivylief Syrup 17.5mg/2.5ml","SYARIKAT WEN KEN DRUG SDN. BHD."
"480","MAL24016134TC","Hurix's Feminine Nourish Syrup","JIN BIN CORPORATION SDN. BHD."
"481","MAL23126076TC","Hurix's FevRelief Syrup For Kids","JIN BIN CORPORATION SDN. BHD."
"482","MAL23116061T","EU YAN SANG TIGERMILK MUSHROOM PLUS SYRUP","Bioalpha International Sdn. Bhd."
"483","MAL23116083TC","Hedervy Cough Syrup Apple Flavour","YM CARE SUPPLIES (M) SDN. BHD."
"484","MAL24036081NC","MEGA O Galacto-Oligosaccharides 5.5mg/10ml Syrup","BISWIN SDN. BHD."
"485","MAL24016124TC","Hedervy Cough Syrup  Menthol Flavour","YM CARE SUPPLIES (M) SDN. BHD."
"486","MAL24016166T","WAI YOEN HONG BA ZHEN TANG SYRUP","NUTRI-HOME PHARMACEUTICAL INDUSTRIES SDN. BHD."
"487","MAL23126106T","VITAHERB Marshmallow 125mg/5ml Syrup (Original Flavour)","WINWA MEDICAL SDN. BHD."
"488","MAL24036129TC","Hurix's Felovid Herbs Syrup","JIN BIN CORPORATION SDN. BHD."
"489","MAL24046073T","Eu Yan Sang Loquat Compound with Manuka Honey Syrup","NUTRI-HOME PHARMACEUTICAL INDUSTRIES SDN. BHD."
"490","MAL24086038XC","Durio Cough Relief Syrup 20mg/ml","DURIO PPE SDN. BHD."
"491","MAL24076073TC","J.B. WepoGuard Syrup","JIN BIN CORPORATION SDN. BHD."
"492","MAL24016158TC","TERA HEALTHCARE TERALIV HERBAL COUGH SYRUP","TERA HEALTHCARE SDN. BHD."
"493","MAL24056126TC","Unovus Gastrowell Syrup","MAPLEDEX PHARMA SDN. BHD."
"494","MAL24056124TC","Jardin HERBAL COUGH SYRUP","THE LUXE PRODUCTION SDN BHD"
"495","MAL24056123TC","Hurix's ChillAway Syrup For Kids","JIN BIN CORPORATION SDN. BHD."
"496","MAL24066117TC","PHARMORIX MUCOFF COUGH SYRUP","PHARMORIX (M) SDN. BHD."
"497","MAL24086087T","E-Plus Ivy Leaf  35mg/5ml Syrup","EASY PLUS PHARMACEUTICAL (M) SDN. BHD."
"498","MAL24066132T","PANKAJA KASTHURI BREATHE EAZY PLUS SYRUP","NATURE SECRET (M) SDN.BHD"
"499","MAL24076040TC","INNOMED Respactin Ivy Leaf 35mg/5ml Syrup (Passion Fruit Flavor)","CITYMEDIC SDN BHD"
"500","MAL24036038XZ","Jardin Kids Paracetamol 120mg/5ml Syrup","Xorix Sdn Bhd"
"501","MAL24096168TC","Annona Herbal Syrup with Bird's Nest Plus","MOS NUTRACEUTICAL SDN. BHD."
"502","MAL24106070T","Amylan Cough Syrup","MERK TZA SDN. BHD."
"503","MAL24086085T","Coffnex Cough Syrup","MERK TZA SDN. BHD."
"504","MAL24106067TC","Hurix's Gastro Guard Syrup","JIN BIN CORPORATION SDN. BHD."
"505","MAL24096148TC","J.B. Diarrhoff Syrup","JIN BIN CORPORATION SDN. BHD."
"506","MAL24066106TC","MedSy NTkof COUGH RELIEF SYRUP","BIO MERIT SCIENTIFIC SDN. BHD."
"507","MAL24126115TC","NCHK CORDYCEPS, FRITILLARIA & TIGER MILK MUSHROOM PLUS HERBAL SYRUP","NCHK MEDICINE ENTERPRISE SDN BHD"
"508","MAL24096152T","COFAYUR SYRUP","UNIMED SDN. BHD."
"509","MAL24126114T","FEMORA SYRUP","UNIMED SDN. BHD."
"510","MAL24076052TC","Unovus Respicalm+ Syrup","MAPLEDEX PHARMA SDN. BHD."
"511","MAL25036116TC","Kordel's Ivi-Ease Cough Syrup","CAMBERT(M) SDN. BHD."
"512","MAL24116140TC","Siang Ben Tang Cough Syrup","WAN YEEN TRADING SDN. BHD."
"513","MAL25026120TC","Hurix's Zereall Syrup","JIN BIN CORPORATION SDN. BHD."
"514","MAL24106051T","WHP Ivy Leaf Plus Syrup","WHITE HERON PHARMACEUTICAL SDN. BHD."
"515","MAL24106052TC","MedSy SORE THROAT SYRUP","BIO MERIT SCIENTIFIC SDN. BHD."
"516","MAL24116141TC","MedSy COLD & FEVER SYRUP","BIO MERIT SCIENTIFIC SDN. BHD."
"517","MAL24106061TC","Unovus Dry Cough Syrup","MAPLEDEX PHARMA SDN. BHD."
"518","MAL25016102T","CAMBERYN TIGER MILK MUSHROOM &LOQUAT PLUS SYRUP","LEN FA MEDICAL SUPPLIES (M) SDN BHD"
"519","MAL24116142T","CAMBERYN ENGLISH IVY LEAF & LOQUAT PLUS SYRUP","LEN FA MEDICAL SUPPLIES (M) SDN BHD"
"520","MAL25036127TC","IMMUX ELDERBERRY PLUS SYRUP","DSAB Holdings Sdn Bhd"
"521","MAL25036093T","Helix Stella Syrup","STADPHARM SDN. BHD."
"522","MAL25026125T","VITASEN Berrymune Syrup (Original Flavour)","WINWA MEDICAL SDN. BHD."
"523","MAL25086040XCS","WOODS PEPPERMINT COUGH SYRUP FOR CHILDREN","KALBE MALAYSIA SDN BHD"
"524","MAL25026130T","Ivygard Cough & Cold Syrup","BIOFACT LIFE SDN. BHD."
"525","MAL25036242TC","Stokhof Cough & Cold Syrup","BIOFACT LIFE SDN. BHD."
"526","MAL25076131T","POON GOOR SOE CHUANBEI PLUS SYRUP","POON GOOR SOE MANUFACTURE SDN. BHD."
"527","MAL25036125TC","Angel Fish Brand Cough, Phlegm, Clear Heat, and Sore Throat Syrup","WENG THYE HENG SDN. BHD."
"528","MAL25126008AZ","Oramorph Syrup 2mg/ml","Medicell Pharmaceutical(malaysia) Sdn.bhd"
"529","MAL25076146TC","U-PIN Tiger Milk Mushroom Cordyceps Plus Syrup","U-PIN MEDIC TRADING SDN. BHD."
"530","MAL25016101T","CAMBERYN BIRD'S NEST & LOQUAT PLUS SYRUP","LEN FA MEDICAL SUPPLIES (M) SDN BHD"
"531","MAL25036170AE","COUVENT SYRUP","KCK PHARMACEUTICAL INDUSTRIES SDN. BHD."
"532","MAL25036095T","VITAMODE IVYGARD CHESTY COUGH SYRUP","BIOFACT LIFE SDN. BHD."
"533","MAL25046109TC","MEDICARE+ IVY LEAF SYRUP 17.5MG/2.5ML","World Medicare Supplies Sdn Bhd"
"534","MAL25046129TC","Bionine Tiger Milk Mushroom Cordyceps Plus Syrup","SMART WELLMIN SDN BHD"
"535","MAL25046128T","VIRGO KOLIF Syrup","UNITED HERBAL SDN BHD"
"536","MAL25086191TC","SAC HOMEOPATHY PC COUGH RELIEF SYRUP","Saeed Ahmed Consultants Sdn. Bhd."
"537","MAL25086155TC","Chang-Sze-Long Yangxue Dangui Syrup","Gab Sdn Bhd"
"538","MAL25096111T","COZZ IVY 17.5 mg/2.5 ml Syrup","NUTRIGO SDN. BHD."
"539","MAL25096156TC","SAC HOMEOPATHY QUANTUM UPC COUGH RELIEF SYRUP","Saeed Ahmed Consultants Sdn. Bhd."
"540","MAL25106044TC","Calmit Syrup","Medicell Pharmaceutical(malaysia) Sdn.bhd"
"541","MAL25076102T","E-Plus Hedera Helix (Ivy Leaf)  35mg/ 5ml Syrup (Strawberry Flavor)","EASY PLUS PHARMACEUTICAL (M) SDN. BHD."
"542","MAL25086133T","Nova Kouflan Chesty Cough Syrup","NOVA LABORATORIES SDN. BHD."
"543","MAL25096103T","Homecare Ivy Leaf 7mg/mL Syrup","Y.S.P. INDUSTRIES (M) SDN. BHD."
"544","MAL25096140TC","Hurix's 600 Fluaway Syrup For Children","JIN BIN CORPORATION SDN. BHD."
"545","MAL25106097N","PrimeVite� Multivitamin with Lysine & Zinc Syrup","HERBAL SCIENCE SDN. BHD."
"546","MAL25106045TC","Neuropassit Sleep Ease Syrup","BioCare Pharmaceutical (M) Sdn. Bhd."
"547","MAL25096160T","ROHINI RAYARIS LADY SYRUP","ELPAR HERBS SDN. BHD."
"548","MAL25096118TC","AVO COFSYRAV IVY LEAF SYRUP CHERRY FLAVOUR","Abio Marketing Sdn Bhd"
"549","MAL25096117TC","AVO COFSYRAV IVY LEAF SYRUP MINT FLAVOUR","Abio Marketing Sdn Bhd"
"550","MAL25106053T","YL Ivy Leaf 17.5mg/2.5ml Syrup","YANLING NATURAL HYGIENE SDN. BHD."